object_id,policy,seed,coverage_target,stop_reason,acquired_views,initial_coverage,final_coverage,coverage_auc,coverage_interval_start,coverage_interval_end,num_steps,normalized_regret_mean,normalized_regret_valid_count,spearman_mean,spearman_valid_count,ndcg_at_5_mean,ndcg_at_5_valid_count,median_policy_ms
02691156/1628b65a9f3cd7c05e9e2656aff7dd5b,random,0,vis_a,view_budget_exhausted,10,0.07964814603744022,0.8672489327010197,6.452284400685837,1,10,9,0.5202208473890657,9,0.02000310136126736,9,0.5217147830583208,9,0.15869900016696192
02691156/1628b65a9f3cd7c05e9e2656aff7dd5b,farthest,0,vis_a,view_budget_exhausted,10,0.07964814603744022,0.8790538493626388,5.8829994735527995,1,10,9,0.5005264413444966,9,0.39553220241551423,9,0.6956678252356346,9,0.16069800039986148
02691156/1628b65a9f3cd7c05e9e2656aff7dd5b,pun,0,vis_a,view_budget_exhausted,10,0.07964814603744022,0.7639011032410977,5.681649564898704,1,10,9,0.7367248891818412,9,-0.4298331100813143,9,0.26223761348580793,9,135.43868800115888
02691156/1628b65a9f3cd7c05e9e2656aff7dd5b,oracle,0,vis_a,view_budget_exhausted,10,0.07964814603744022,0.9017307566143992,6.792495377049188,1,10,9,0.0,9,1.0,9,1.0,9,0.0030000010156072676
02691156/162ed8d0d989f3acc1ccec171a275967,random,0,vis_a,view_budget_exhausted,10,0.14497312553920544,0.8852237962951839,6.422842791291435,1,10,9,0.5715382370740714,9,-0.0049336459868605485,9,0.584305299750528,9,0.1719979991321452
02691156/162ed8d0d989f3acc1ccec171a275967,farthest,0,vis_a,view_budget_exhausted,10,0.14497312553920544,0.9063761533404344,6.339679546929807,1,10,9,0.484379351182431,9,0.43025513616885525,9,0.6992319851622336,9,0.11509899923112243
02691156/162ed8d0d989f3acc1ccec171a275967,pun,0,vis_a,view_budget_exhausted,10,0.14497312553920544,0.8365028900947495,6.42862734470161,1,10,9,0.704770578730003,9,-0.031006620562656715,9,0.3611066082204935,9,119.02252599975327
02691156/162ed8d0d989f3acc1ccec171a275967,oracle,0,vis_a,view_budget_exhausted,10,0.14497312553920544,0.9400091661053289,7.184952717643751,1,10,9,0.0,9,1.0,9,1.0,9,0.0025999979698099196
02691156/1659db64bbf46bcdc1955ee4b5680e91,random,0,vis_a,view_budget_exhausted,10,0.09615501137793364,0.724669377539024,4.875972006771784,1,10,9,0.731404868057542,9,-0.007177846895873478,9,0.4757448279638878,9,0.10559899965301156
02691156/1659db64bbf46bcdc1955ee4b5680e91,farthest,0,vis_a,view_budget_exhausted,10,0.09615501137793364,0.7863856489045332,5.350394950349331,1,10,9,0.4500413305901227,9,0.50837143627029,9,0.7501191798088834,9,0.0662989987176843
02691156/1659db64bbf46bcdc1955ee4b5680e91,pun,0,vis_a,view_budget_exhausted,10,0.09615501137793364,0.7495277955120968,5.216793599361186,1,10,9,0.6444506339593605,9,-0.021044567791434057,9,0.40571895928354906,9,117.26093699689955
02691156/1659db64bbf46bcdc1955ee4b5680e91,oracle,0,vis_a,view_budget_exhausted,10,0.09615501137793364,0.8054778668035212,6.013295417536978,1,10,9,0.0,9,1.0,9,1.0,9,0.0026000016077887267
02691156/165c4491d10067b3bd46d022fd7d80aa,random,0,vis_a,view_budget_exhausted,10,0.09221828982360161,0.9231144522719397,5.880042729286409,1,10,9,0.5861938125095475,9,0.10015951850479979,9,0.5895275005553859,9,0.15109900050447322
02691156/165c4491d10067b3bd46d022fd7d80aa,farthest,0,vis_a,view_budget_exhausted,10,0.09221828982360161,0.9344852910736774,6.234203997329789,1,10,9,0.4239049610812959,9,0.4542680585292338,9,0.7656070135253434,9,0.06359999679261819
02691156/165c4491d10067b3bd46d022fd7d80aa,pun,0,vis_a,view_budget_exhausted,10,0.09221828982360161,0.7893379707735131,5.90088185497609,1,10,9,0.7526570627750108,9,-0.39944430258583963,9,0.28871743210044376,9,125.84434900054475
02691156/165c4491d10067b3bd46d022fd7d80aa,oracle,0,vis_a,view_budget_exhausted,10,0.09221828982360161,0.9474546686945355,7.145508684733818,1,10,9,0.0,9,1.0,9,1.0,9,0.0024990004021674395
02691156/1667ab313638fb366cf1b4a8fc3914e,random,0,vis_a,view_budget_exhausted,10,0.08599246005281433,0.8847723923591295,6.235231648369797,1,10,9,0.5699446166916151,9,0.011524312370180438,9,0.5620568238756909,9,0.1090990008378867
02691156/1667ab313638fb366cf1b4a8fc3914e,farthest,0,vis_a,view_budget_exhausted,10,0.08599246005281433,0.9028746106477161,6.016196892496589,1,10,9,0.4659667115015444,9,0.4579337256124812,9,0.7399648481825444,9,0.06989900066400878
02691156/1667ab313638fb366cf1b4a8fc3914e,pun,0,vis_a,view_budget_exhausted,10,0.08599246005281433,0.802769848186414,6.0473508768884265,1,10,9,0.7153447859928355,9,-0.31767590891355524,9,0.28557517020391093,9,123.6741639986576
02691156/1667ab313638fb366cf1b4a8fc3914e,oracle,0,vis_a,view_budget_exhausted,10,0.08599246005281433,0.9229253750054438,6.926990567240215,1,10,9,0.0,9,1.0,9,1.0,9,0.005200003215577453
02691156/16689e54c884aa01639c7058eaf33ae,random,0,vis_a,view_budget_exhausted,10,0.08070994475165805,0.7885163377517839,5.106308680207001,1,10,9,0.5783578710522845,9,0.0009168149588341868,9,0.6150072979052027,9,0.17109899999923073
02691156/16689e54c884aa01639c7058eaf33ae,farthest,0,vis_a,view_budget_exhausted,10,0.08070994475165805,0.7872505853767093,5.363319398127963,1,10,9,0.5511648677967942,9,0.31282622347141364,9,0.707488524296731,9,0.09309899905929342
02691156/16689e54c884aa01639c7058eaf33ae,pun,0,vis_a,view_budget_exhausted,10,0.08070994475165805,0.7248969228621407,5.498882701532591,1,10,9,0.7270651748964669,9,0.021402400932130014,9,0.31205880000300107,9,117.97810900316108
02691156/16689e54c884aa01639c7058eaf33ae,oracle,0,vis_a,view_budget_exhausted,10,0.08070994475165805,0.8121518263165041,6.185156975626487,1,10,9,0.0,9,1.0,9,1.0,9,0.004399997123982757
02691156/166d333d38897d1513d521050081b441,random,0,vis_a,view_budget_exhausted,10,0.14208135162895985,0.8355433888629936,5.953452034959341,1,10,9,0.5040420259772193,9,0.06797840408768038,9,0.6411078052861935,9,0.14069800090510398
02691156/166d333d38897d1513d521050081b441,farthest,0,vis_a,view_budget_exhausted,10,0.14208135162895985,0.8422639975406658,5.843223699920846,1,10,9,0.3928543960955605,9,0.41170318291338737,9,0.7461069353932059,9,0.08159899880411103
02691156/166d333d38897d1513d521050081b441,pun,0,vis_a,view_budget_exhausted,10,0.14208135162895985,0.8125088438782675,5.443588909076437,1,10,9,0.6552715737533665,9,-0.09867779911915492,9,0.4809156888779598,9,127.05711600210634
02691156/166d333d38897d1513d521050081b441,oracle,0,vis_a,view_budget_exhausted,10,0.14208135162895985,0.8674653254603504,6.564730790168584,1,10,9,0.0,9,1.0,9,1.0,9,0.009399998816661537
02691156/16715d886ecf0a97ce2cec85ea6ae00d,random,0,vis_a,view_budget_exhausted,10,0.13740721302201397,0.7347776375077064,5.4143885876656626,1,10,9,0.5734826035588871,9,0.020951815393116226,9,0.5107014403866508,9,0.18349899983149953
02691156/16715d886ecf0a97ce2cec85ea6ae00d,farthest,0,vis_a,view_budget_exhausted,10,0.13740721302201397,0.747193261558393,5.206447443453456,1,10,9,0.46737937079675806,9,0.43447622065454267,9,0.7208181305056739,9,0.0797989996499382
02691156/16715d886ecf0a97ce2cec85ea6ae00d,pun,0,vis_a,view_budget_exhausted,10,0.13740721302201397,0.7233781603936904,5.372927783458951,1,10,9,0.6338892551718307,9,0.06883582020447326,9,0.46039355631684536,9,138.41880499967374
02691156/16715d886ecf0a97ce2cec85ea6ae00d,oracle,0,vis_a,view_budget_exhausted,10,0.13740721302201397,0.7638828096679248,5.849817262570124,1,10,9,0.0,9,1.0,9,1.0,9,0.005599998985417187
02691156/167250e2014c72dbb87697d3904b168b,random,0,vis_a,view_budget_exhausted,10,0.11972974763032487,0.8260923535498945,6.341270134391665,1,10,9,0.6202978184930132,9,0.08275565963066289,9,0.5202237330281468,9,0.16699800107744522
02691156/167250e2014c72dbb87697d3904b168b,farthest,0,vis_a,view_budget_exhausted,10,0.11972974763032487,0.8670526708914286,5.98721607333579,1,10,9,0.3111184223289932,9,0.5069781602278709,9,0.81359266051789,9,0.0693990004947409
02691156/167250e2014c72dbb87697d3904b168b,pun,0,vis_a,view_budget_exhausted,10,0.11972974763032487,0.752415459923963,5.7914764088392525,1,10,9,0.749469068649216,9,-0.15488290209787794,9,0.28245347108410906,9,125.77061300180503
02691156/167250e2014c72dbb87697d3904b168b,oracle,0,vis_a,view_budget_exhausted,10,0.11972974763032487,0.8754713368915622,6.693148402104745,1,10,9,0.0,9,1.0,9,1.0,9,0.0027000023692380637
02691156/167740d2a5f5cb6c7f4561609781d8c9,random,0,vis_a,view_budget_exhausted,10,0.06662256831444521,0.8472592078504693,6.119404397359827,1,10,9,0.6527498860528981,9,-0.051641315772555575,9,0.4049624632335912,9,0.16449900067527778
02691156/167740d2a5f5cb6c7f4561609781d8c9,farthest,0,vis_a,view_budget_exhausted,10,0.06662256831444521,0.8537152696468919,5.912396823960556,1,10,9,0.5137198716707622,9,0.2708321055967497,9,0.6467174973435883,9,0.07980000009411015
02691156/167740d2a5f5cb6c7f4561609781d8c9,pun,0,vis_a,view_budget_exhausted,10,0.06662256831444521,0.7939116980955521,5.900439888599347,1,10,9,0.73968006045571,9,-0.03870264217063742,9,0.33107887684386117,9,131.28295199931017
02691156/167740d2a5f5cb6c7f4561609781d8c9,oracle,0,vis_a,view_budget_exhausted,10,0.06662256831444521,0.863482599733101,6.865877419315711,1,10,9,0.0,9,1.0,9,1.0,9,0.0027999994927085936
