object_id,policy,seed,coverage_target,stop_reason,acquired_views,initial_coverage,final_coverage,coverage_auc,reachable_coverage_ceiling,initial_reachable_normalized_coverage,final_reachable_normalized_coverage,reachable_normalized_coverage_auc,coverage_interval_start,coverage_interval_end,num_steps,normalized_regret_mean,normalized_regret_valid_count,spearman_mean,spearman_valid_count,ndcg_at_5_mean,ndcg_at_5_valid_count,median_policy_ms,peak_process_rss_bytes,peak_process_rss_delta_bytes,peak_cuda_allocated_bytes
02691156/1628b65a9f3cd7c05e9e2656aff7dd5b,farthest,0,vis_a,view_budget_exhausted,10,0.07964814603744022,0.8790538493626388,5.8829994735527995,0.941363767869644,0.08460931762615868,0.9338088838409238,6.249443280429562,1,10,9,0.5005264413444966,9,0.3867852285810792,9,0.6956678252356346,9,0.12597099976119353,671334400,0,
02691156/162ed8d0d989f3acc1ccec171a275967,farthest,0,vis_a,view_budget_exhausted,10,0.14497312553920544,0.9063761533404344,6.339679546929807,0.9762990062799165,0.14849254645009843,0.9283796741677371,6.493583939091038,1,10,9,0.484379351182431,9,0.4262194262386727,9,0.6992319851622336,9,0.1284249997297593,671621120,0,
02691156/1659db64bbf46bcdc1955ee4b5680e91,farthest,0,vis_a,view_budget_exhausted,10,0.09615501137793364,0.7863856489045332,5.350394950349331,0.8741666209605004,0.10999620561155977,0.8995832488324517,6.120566516793474,1,10,9,0.4500413305901227,9,0.5096306975353267,9,0.7501191798088834,9,0.1273980001315067,671830016,0,
02691156/165c4491d10067b3bd46d022fd7d80aa,farthest,0,vis_a,view_budget_exhausted,10,0.09221828982360161,0.9344852910736774,6.234203997329789,0.9835397706830906,0.09376162771694928,0.950124559197699,6.338537782768046,1,10,9,0.4239049610812959,9,0.45177057178670854,9,0.7656070135253433,9,0.12031899996145512,671928320,0,
02691156/1667ab313638fb366cf1b4a8fc3914e,farthest,0,vis_a,view_budget_exhausted,10,0.08599246005281433,0.9028746106477161,6.016196892496589,0.9687575041274639,0.08876572278040377,0.9319923786922437,6.210219654417263,1,10,9,0.4659667115015444,9,0.4526537505284563,9,0.7399648481825443,9,0.12378100018395344,672014336,0,
02691156/16689e54c884aa01639c7058eaf33ae,farthest,0,vis_a,view_budget_exhausted,10,0.08070994475165805,0.7872505853767093,5.363319398127963,0.8986300821812551,0.08981442570423402,0.8760563450822912,5.968328352762814,1,10,9,0.5511648677967942,9,0.3078064441642966,9,0.707488524296731,9,0.13281300016387831,672129024,0,
02691156/166d333d38897d1513d521050081b441,farthest,0,vis_a,view_budget_exhausted,10,0.14208135162895985,0.8422639975406658,5.843223699920846,0.9283641770283879,0.1530448450561177,0.9072560298876232,6.294107252850374,1,10,9,0.3928543960955605,9,0.4126396418494142,9,0.7461069353932059,9,0.12505299991971697,672141312,0,
02691156/16715d886ecf0a97ce2cec85ea6ae00d,farthest,0,vis_a,view_budget_exhausted,10,0.13740721302201397,0.747193261558393,5.206447443453456,0.8347159587871376,0.16461553367407755,0.895146730684391,6.23738816617158,1,10,9,0.46737937079675806,9,0.4296377125247889,9,0.7208181305056739,9,0.1219760001731629,672165888,0,
02691156/167250e2014c72dbb87697d3904b168b,farthest,0,vis_a,view_budget_exhausted,10,0.11972974763032487,0.8670526708914286,5.98721607333579,0.9253877893979147,0.12938332340458553,0.936961434790013,6.469953615047432,1,10,9,0.3111184223289932,9,0.502759689982024,9,0.81359266051789,9,0.1301180000155,672198656,0,
02691156/167740d2a5f5cb6c7f4561609781d8c9,farthest,0,vis_a,view_budget_exhausted,10,0.06662256831444521,0.8537152696468919,5.912396823960556,0.8951369303341754,0.07442723683579167,0.9537258945714374,6.6050194373650974,1,10,9,0.5137198716707622,9,0.2650941977597335,9,0.6467174973435883,9,0.12751100030072848,672215040,0,
02828884/1b9ddee986099bb78880edc6251fa529,farthest,0,vis_a,view_budget_exhausted,10,0.17948997164644076,0.9481125457984818,7.044106675738196,0.9924067194406581,0.1808633175595639,0.9553669148198216,7.098003810079408,1,10,9,0.6459739646438956,9,0.18945512874233594,9,0.6057060146381412,9,0.12044899995089509,672239616,0,
02828884/1bace34d2c1dc49b3b5ee89f1f802f5a,farthest,0,vis_a,view_budget_exhausted,10,0.32821131666750597,0.9632608254170905,7.332557717443369,0.9966009318543814,0.3293307342757559,0.9665461817547624,7.357566587660756,1,10,9,0.3744233965963773,9,0.4854267005372337,9,0.7460608953487757,9,0.12005899998257519,672321536,0,
02828884/1bb14f4633ad52e3ae944a46a2846086,farthest,0,vis_a,view_budget_exhausted,10,0.24701657759424817,0.8516130949399718,6.39856314010751,0.9516617427868137,0.2595634210017661,0.8948695283747954,6.7235687350110105,1,10,9,0.5800772314050374,9,0.29500719691826277,9,0.5797919196367417,9,0.12045400035276543,672411648,0,
02828884/1bdfb8796887adf92056b4bd5d870b47,farthest,0,vis_a,view_budget_exhausted,10,0.451846130725702,0.9883886718165138,8.038950608378578,0.9992336400936923,0.4521926730602615,0.9891467141997324,8.045116062770678,1,10,9,0.4064944239925549,9,0.462955826933773,9,0.7136117200285798,9,0.13037899998380453,672440320,0,
02828884/1be0e167a93a1069acb4ead41419080a,farthest,0,vis_a,view_budget_exhausted,10,0.26427571578185466,0.9853474048884948,7.213135027622528,0.9989425039883563,0.2645554821490858,0.9863905089175984,7.220770964118076,1,10,9,0.577500105834923,9,0.361693393791977,9,0.5548521692175554,9,0.1266419999410573,672468992,0,
02828884/1be83cdaf803fa3b827358da75ee7655,farthest,0,vis_a,view_budget_exhausted,10,0.28556442886228633,0.9206701456276224,6.717163257071712,0.9856721954601797,0.28971541469622686,0.9340530755235417,6.8148044431096855,1,10,9,0.4581240604585984,9,0.38409670564101267,9,0.6904463357209947,9,0.12923999975100742,672849920,0,
02828884/1bf5b1fa54aeec162701a18243b45d3,farthest,0,vis_a,view_budget_exhausted,10,0.2045744918978715,0.9352166293218885,6.2422591724352525,0.9868474681214847,0.20730102524080002,0.9476810343366658,6.325454919915552,1,10,9,0.422468621787082,9,0.27578669981226206,9,0.6913668655502568,9,0.12006499991912278,672882688,0,
02828884/1c310698c57a3d378fd6b27be619556b,farthest,0,vis_a,view_budget_exhausted,10,0.3583522628834148,0.9857910390363793,7.6494843360147025,0.9974126388039685,0.3592818548129962,0.9883482529542387,7.669327656793541,1,10,9,0.36665633633879036,9,0.4448190490403216,9,0.7563436535056623,9,0.12981500003661495,672911360,0,
02828884/1c47c37d6c785d4fe7fd9a18c19837e5,farthest,0,vis_a,view_budget_exhausted,10,0.3551392472086734,0.9759890687919103,7.598670318075474,0.9972054972451736,0.3561344659548729,0.9787241160303722,7.619964329385621,1,10,9,0.4181852004307866,9,0.45648628260276436,9,0.6840573157918057,9,0.12192700023661018,672923648,0,
02828884/1c79aa69e4ec26b65dc236dd32108e81,farthest,0,vis_a,view_budget_exhausted,10,0.4037709558774869,0.9682849254846961,7.465568271631007,0.9986528186857122,0.4043156423559431,0.9695911405517464,7.475639313226139,1,10,9,0.52371080615618,9,0.4243225576930614,9,0.6528609178126449,9,0.12636800011023297,672952320,0,
02933112/18d94e539b0ed30d105e720ebc569399,farthest,0,vis_a,view_budget_exhausted,10,0.22687022825688632,0.9754751829694348,7.054381225611818,0.9954454667124282,0.22790824394042503,0.9799383447805057,7.086657643747895,1,10,9,0.4954403860055673,9,0.42570913882665873,9,0.6878208914916851,9,0.1388020000376855,672997376,0,
02933112/18efc77e6837f7d311e76965808086c8,farthest,0,vis_a,view_budget_exhausted,10,0.2488799298906985,0.8087006872005351,6.018810062075711,0.926894117968192,0.2685095579592827,0.8724844310947361,6.493524929545682,1,10,9,0.4500404275027916,9,0.46583143537606414,9,0.7255929943178518,9,0.12970500029041432,673017856,0,
02933112/18f41e91af76c77de25f00a04866d020,farthest,0,vis_a,view_budget_exhausted,10,0.3451391857109801,0.9784085365977822,7.1023588997058935,0.9996700581919729,0.3452530991427383,0.978731461025606,7.104703038271838,1,10,9,0.6227214806688897,9,0.15398401902737122,9,0.48104235685640095,9,0.1250909999725991,673038336,0,
02933112/190cb7264781df604da5feafe6f1c8fc,farthest,0,vis_a,view_budget_exhausted,10,0.19742724682895113,0.8866452166585128,6.147339893724632,0.9823593995434167,0.20097252280653274,0.9025670412179188,6.257730008571006,1,10,9,0.5500152645558786,9,0.4793213436207032,9,0.6475470510255918,9,0.12877499966634787,673050624,0,
02933112/19127cb1f535bf2c62c9e7b595148d6a,farthest,0,vis_a,view_budget_exhausted,10,0.20962347540975867,0.9076195507014564,6.3342952674234265,0.9853955741413679,0.21273027899726027,0.9210712677417064,6.42817507369349,1,10,9,0.4023717370203183,9,0.534772666410545,9,0.8057505274655449,9,0.12240700016263872,673075200,0,
02933112/1919dec93dff59e0ed3ffec8035a48e8,farthest,0,vis_a,view_budget_exhausted,10,0.16753636955932968,0.7357447461958446,5.029616005779658,0.9177108839101276,0.18255898725478853,0.8017173590238218,5.480610608375671,1,10,9,0.3615527799591459,9,0.4477317670265281,9,0.7850350074727193,9,0.12310700003581587,673103872,0,
02933112/192caea21a57389265dbe89d2f371f01,farthest,0,vis_a,view_budget_exhausted,10,0.27196155989257764,0.9990927152741109,7.498653038162904,0.9999979121527383,0.2719621277079613,0.9990948012314559,7.4986686942378045,1,10,9,0.636216156968007,9,0.2852989404941924,9,0.506714648453958,9,0.1305769997088646,673124352,0,
02933112/19492e2263ea82e4da5feafe6f1c8fc,farthest,0,vis_a,view_budget_exhausted,10,0.1664906807088527,0.8596558233153724,5.873406011205645,0.9537493133163648,0.17456440427719255,0.9013435829654107,6.1582282987787575,1,10,9,0.4818641754604072,9,0.5107324308074138,9,0.6747517765682836,9,0.13961000013296143,673218560,0,
02933112/195b0fd745df898d86d53ab0fe94e911,farthest,0,vis_a,view_budget_exhausted,10,0.141271853966764,0.8002199043529659,5.340148257094506,0.9523947474063736,0.14833329809040333,0.8402187291899491,5.607074452727886,1,10,9,0.4650909900872353,9,0.4886796268992745,9,0.71844939708376,9,0.13533800029108534,673579008,0,
02933112/1971024c0cac65a824662341ce2b233,farthest,0,vis_a,view_budget_exhausted,10,0.27116747357681514,0.9766401264359861,6.862984143128546,0.9990134326850172,0.27143526273516344,0.9776045991805145,6.8697616254098985,1,10,9,0.5861482725829104,9,0.23989194612911996,9,0.563549946454255,9,0.12765200017383904,673665024,0,
02958343/100c3076c74ee1874eb766e5a46fceab,farthest,0,vis_a,view_budget_exhausted,10,0.10192885990868553,0.7832375940060472,5.067251624062503,0.944693717210978,0.10789619752062118,0.8290915666491377,5.363909520878962,1,10,9,0.5253633729024831,9,0.5810620363595436,9,0.7705998670125885,9,0.12346299990895204,673669120,0,
02958343/10716a366de708b8fac96522b26f7fd,farthest,0,vis_a,view_budget_exhausted,10,0.1079411232620838,0.798492748951337,5.570206971688613,0.886734736297446,0.12172876379332011,0.9004866013092453,6.281706065724873,1,10,9,0.5525195673117564,9,0.45165519626636225,9,0.6853786340775939,9,0.13079600012133596,673714176,0,
02958343/1089cbe82dc0e72133d7c9e122eec9b6,farthest,0,vis_a,view_budget_exhausted,10,0.11290014098622514,0.8570893013710907,5.952212424219904,0.9432251032645067,0.11969586114224187,0.9086794853155418,6.310489832829159,1,10,9,0.5282889801114797,9,0.32206132197909193,9,0.6011365947308434,9,0.12500100001489045,673767424,0,
02958343/109567d7d55b8fe515a520abec2f04dd,farthest,0,vis_a,view_budget_exhausted,10,0.10165890157805008,0.8723067218039385,5.984865330024981,0.9603647240233397,0.10585447282170213,0.9083077501529917,6.231867102481714,1,10,9,0.5139402236460593,9,0.37360205356391707,9,0.6306705826965526,9,0.12242799994055531,673783808,0,
02958343/10e99b1475098c0aaa69dfdc5532bb13,farthest,0,vis_a,view_budget_exhausted,10,0.06916908354371426,0.655358121440657,4.442932862098897,0.8188339100112405,0.0844726661879022,0.8003553754041043,5.425926806130813,1,10,9,0.5165561487986384,9,0.45054698906758844,9,0.6862394057621077,9,0.12777199981428566,673796096,0,
02958343/1104f0924e03f2b6fc5886e868449015,farthest,0,vis_a,view_budget_exhausted,10,0.07802260672298844,0.60143709727689,4.106069350746554,0.776520812320221,0.10047716105619788,0.7745279813941032,5.287777591533886,1,10,9,0.4320909433267879,9,0.36769415095503194,9,0.7141240914226206,9,0.13064499989923206,673824768,0,
02958343/1137cd58d6a45c6659a47b1880958de9,farthest,0,vis_a,view_budget_exhausted,10,0.08486955266953972,0.608183475787508,4.202093094109243,0.742873872793586,0.11424490183022154,0.8186900873232045,5.656536389289371,1,10,9,0.5326316116662325,9,0.4219339420532563,9,0.7091931151402191,9,0.13403999992078752,673861632,0,
02958343/114b662c64caba81bb07f8c2248e54bc,farthest,0,vis_a,view_budget_exhausted,10,0.11345668059755386,0.9042014096346169,6.302338692833022,0.9467530357523207,0.11983767288097207,0.9550551997080307,6.6567926954942145,1,10,9,0.5111383056392236,9,0.3529072246266846,9,0.6090954791114767,9,0.12241900003573392,673878016,0,
02958343/1159faf9bf78998493680c5a9a367b4a,farthest,0,vis_a,view_budget_exhausted,10,0.07797754125122597,0.6161312818683564,4.10363499017492,0.8207495000573146,0.09500772311866244,0.750693459850211,4.999862917843209,1,10,9,0.47455033173434447,9,0.4481411190750923,9,0.7288331149201819,9,0.14970899974287022,674004992,0,
02958343/1166b049a7230db9f50f5d46dfed0533,farthest,0,vis_a,view_budget_exhausted,10,0.10349777675373936,0.7541291210444138,5.16547677479132,0.8698313778530854,0.11898602348560039,0.8669831190796456,5.938480613956157,1,10,9,0.5369626799463647,9,0.2807404894837649,9,0.5836195400334955,9,0.1324459999523242,674025472,0,
02958343/119033fe083145e22f31600ac759c763,farthest,0,vis_a,view_budget_exhausted,10,0.08193779880565838,0.6232390299756972,4.332465008059119,0.7821700454431019,0.10475701451752777,0.7968075914012155,5.539032123896744,1,10,9,0.4590942983994648,9,0.46344672098879447,9,0.7074928060553156,9,0.12424300030033919,674074624,0,
02958343/1198255e3d20d2f323f3ca54768fe2ee,farthest,0,vis_a,view_budget_exhausted,10,0.13742383352106502,0.8538532360177015,6.236062023543831,0.9656360830952618,0.14231431066718733,0.8842391569303725,6.457983636604259,1,10,9,0.6033270765855493,9,0.1965667256757405,9,0.469136609211927,9,0.12761400012095692,674127872,0,
02958343/11b09de6631b3b3ad997cda1a938a10d,farthest,0,vis_a,view_budget_exhausted,10,0.07750761003615965,0.6680711205921164,4.503274154551955,0.8065750938001877,0.0960947227752616,0.8282813661459489,5.58320507187338,1,10,9,0.5299914444954468,9,0.3758661767999293,9,0.6855326894520972,9,0.12694999986706534,674127872,0,
02958343/11dba0c2ec8127356c2fe9dcfa1ee2f8,farthest,0,vis_a,view_budget_exhausted,10,0.08581707297869139,0.575304981469589,3.8740510443131178,0.7646609128720453,0.11222892596453614,0.7523661426719973,5.066364684134683,1,10,9,0.41929449981635086,9,0.3818986686267329,9,0.7432995631688983,9,0.13239999998404528,674164736,0,
02958343/11e5b7d67058e1d75f67208653687b70,farthest,0,vis_a,view_budget_exhausted,10,0.0929827611006673,0.6506834464143119,4.593215690471277,0.7881391252577115,0.11797759827018248,0.8255946514538872,5.827924973232809,1,10,9,0.4640321108050768,9,0.36060544080297624,9,0.6605938154152486,9,0.13098099998387625,674193408,0,
02958343/1213742aa7815fd0e23d60a1b706b44f,farthest,0,vis_a,view_budget_exhausted,10,0.0793475525347323,0.631866717000718,4.266635907553521,0.7902548967937539,0.10040754300500204,0.7995733016832248,5.399062916110036,1,10,9,0.4101905520844009,9,0.42802556823625987,9,0.754429293733344,9,0.1295179999942775,674213888,0,
02958343/12243301d1c8148e33d7c9e122eec9b6,farthest,0,vis_a,view_budget_exhausted,10,0.11923139332727528,0.8781380319890064,6.111451490802535,0.9599954341094844,0.1241999587611344,0.9147314672424344,6.3661255810780695,1,10,9,0.545886628028809,9,0.3036588472304036,9,0.5992484584858452,9,0.12417300013112254,674213888,0,
02958343/12498dd65e8d65ac3b6f5204eb590354,farthest,0,vis_a,view_budget_exhausted,10,0.11003025269095908,0.7242220555305109,4.720432212310453,0.908198523193124,0.12115220393015512,0.7974270349881516,5.197577502894349,1,10,9,0.40945552437648786,9,0.5005006334660981,9,0.7664517383164239,9,0.1301060001424048,674258944,0,
02958343/1254c6ad2b420879d7622e6da48b19e5,farthest,0,vis_a,view_budget_exhausted,10,0.09243598696963405,0.7622499974329972,4.868121498203131,0.9380792111675138,0.09853750714141736,0.8125646409798558,5.189456754024395,1,10,9,0.4435353280254758,9,0.37680857404843837,9,0.7328775807956275,9,0.12970300031156512,674275328,0,
02958343/125a4780c2d5095d19454008aa267bf,farthest,0,vis_a,view_budget_exhausted,10,0.10039415745833076,0.9202958886481065,6.270488478382964,0.9677827050695893,0.10373625911315684,0.9509323568475341,6.479231800212919,1,10,9,0.5616028583119883,9,0.45932850674107517,9,0.6129486835702443,9,0.12080599981345586,674283520,0,
02958343/12796524ffbadb755400f0dc3171dfcd,farthest,0,vis_a,view_budget_exhausted,10,0.13318378156889452,0.8207392143018463,5.540240467230457,0.9216969685864455,0.14449844808880186,0.8904653506244765,6.010913191704655,1,10,9,0.39622127891042974,9,0.403202005044671,9,0.771499207520406,9,0.12340099965513218,674324480,0,
02958343/127b9ba77b54ba59bda733a39f84326d,farthest,0,vis_a,view_budget_exhausted,10,0.09364085624083979,0.6760794325717896,4.561230515406253,0.872367518474062,0.10734106240525276,0.7749938165446395,5.228565276461369,1,10,9,0.4808678635363866,9,0.4379328468999419,9,0.7129829938767531,9,0.13079199970889022,674422784,0,
02958343/128ad72f92a3e96db96212c8f6cd06e,farthest,0,vis_a,view_budget_exhausted,10,0.08867832085143443,0.8557130976011933,5.874707979142192,0.9320709287194074,0.09514117232823847,0.9180772312863316,6.302855070497243,1,10,9,0.5339653637615341,9,0.4017003920894566,9,0.6598372054757613,9,0.1198090003526886,674439168,0,
02958343/12909f5d613953b8b3c9b3f81618206b,farthest,0,vis_a,view_budget_exhausted,10,0.08729929879974857,0.5955170427030287,4.174735939626957,0.6935861581902031,0.12586655279791262,0.8586057199540007,6.019058901810023,1,10,9,0.4303873281162611,9,0.3117342326913067,9,0.7260922269101843,9,0.12195499994049896,674496512,0,
02958343/12941cb870df79b9815337ac44abb964,farthest,0,vis_a,view_budget_exhausted,10,0.10274281901708775,0.6496141627050562,4.4492629925064975,0.7827865185678047,0.13125266797525742,0.8298739787874705,5.683877898979304,1,10,9,0.5152922095149001,9,0.3646675085713968,9,0.6927284314313329,9,0.1302949999626435,674508800,0,
02958343/12b5e4f52c22b348d8499d8846cb4c3b,farthest,0,vis_a,view_budget_exhausted,10,0.07033431700815206,0.6323980675004093,4.352786814959633,0.7782408490517951,0.09037602831288931,0.812599426348437,5.593110179532529,1,10,9,0.5637215249485243,9,0.32735989549559724,9,0.6317597880583437,9,0.14250000003812602,674549760,0,
02958343/12d463649ed6c176ab98a7077c964a60,farthest,0,vis_a,view_budget_exhausted,10,0.1116388972591339,0.8772545438852448,6.018666914392874,0.9622248647801754,0.11602163002162524,0.9116939044031641,6.25494843740903,1,10,9,0.5026873784578626,9,0.32302989858973363,9,0.6572164573366931,9,0.12076599978172453,674562048,0,
02958343/12f2905dc029f59a2479fbc7da5ed22b,farthest,0,vis_a,view_budget_exhausted,10,0.0759845421641519,0.8992865706909035,5.882507274712914,0.9759770441918162,0.07785484568140937,0.9214218470021307,6.027300856839395,1,10,9,0.48869882867344583,9,0.40638588525263225,9,0.6731302553024947,9,0.1274169999305741,674582528,0,
02958343/1328a95d69cefe32f200a72c9245aee7,farthest,0,vis_a,view_budget_exhausted,10,0.11900442541519272,0.7928773187068654,5.568626708960636,0.8897656387432231,0.13374805705385992,0.8911080448406498,6.258531984699044,1,10,9,0.4195066331702587,9,0.38747776658914784,9,0.725168395399608,9,0.12615700006790576,674582528,0,
02958343/1355f3aa779b599b16abce8cb03e7794,farthest,0,vis_a,view_budget_exhausted,10,0.10914404025819927,0.6169050928644251,4.196203413892974,0.7510624104708032,0.14531953501678024,0.821376605011717,5.587023602023413,1,10,9,0.5645646187173471,9,0.39073486143946906,9,0.6342150650028627,9,0.12168800003564684,674627584,0,
02958343/137f67657cdc9da5f985cd98f7d73e9a,farthest,0,vis_a,view_budget_exhausted,10,0.06796123603145544,0.6257424436385204,4.243077884923731,0.7355394955018729,0.09239644702570889,0.8507258243305672,5.7686608412898295,1,10,9,0.4418920702720118,9,0.4818927032971859,9,0.7506850780053897,9,0.1289719998567307,674639872,0,
02958343/139718b631cbca546a36136419d55d5c,farthest,0,vis_a,view_budget_exhausted,10,0.131775825791743,0.7888482849534655,5.641069425884367,0.9062629379770765,0.14540573190148068,0.8704408531968667,6.224539468066668,1,10,9,0.4722391874301578,9,0.39013246758680337,9,0.6652035280519107,9,0.12578699988807784,674725888,0,
02958343/1399eab8ad7262eb7f3efc94c2d31dc5,farthest,0,vis_a,view_budget_exhausted,10,0.08102381802632877,0.6540253360787667,4.546424789505801,0.7583503061656199,0.10684220388332456,0.8624316898949478,5.995151254693216,1,10,9,0.4335584374381278,9,0.3398761496422018,9,0.6693508044238787,9,0.1218919996972545,674770944,0,
02958343/139df45393b6847838805e546aa28d99,farthest,0,vis_a,view_budget_exhausted,10,0.07963879449300498,0.5901794458774812,3.966182508216831,0.7863603567217082,0.10127518994601228,0.7505203445630269,5.043721335027138,1,10,9,0.4861745872581158,9,0.4560248357387546,9,0.6950005655590142,9,0.131910999698448,674996224,0,
02958343/13d0f68f32a86bdfe3857ce739e6606f,farthest,0,vis_a,view_budget_exhausted,10,0.07425366996934457,0.6403537272208569,4.252025432348107,0.8586544819459656,0.08647677445421789,0.7457641469123012,4.951963242201633,1,10,9,0.4425758046431511,9,0.39872871557186906,9,0.7237889147193908,9,0.12385400032144389,675069952,0,
02958343/14121abc9e2a868e52ab7aae4be20d81,farthest,0,vis_a,view_budget_exhausted,10,0.06939345482805881,0.5781942728799186,3.8660509659182534,0.7575357268087193,0.09160420079511435,0.7632567711567682,5.103456944802877,1,10,9,0.411147517665752,9,0.4067391223544542,9,0.7824943172228119,9,0.12914899980387418,675086336,0,
02958343/1424d894bfd59cdc65e9f24f8c34a52,farthest,0,vis_a,view_budget_exhausted,10,0.07164326601697199,0.7480114817299726,5.023981228079192,0.880204917062638,0.0813938488960675,0.8498151592088207,5.7077404712131035,1,10,9,0.5416108147162305,9,0.4539248901234575,9,0.6605026523308363,9,0.12634999984584283,675123200,0,
02958343/14330011009dacfed49701eac14326ae,farthest,0,vis_a,view_budget_exhausted,10,0.06402239435516,0.6870996697893151,4.4098454680279815,0.8755523264685894,0.07312229368789966,0.7847614003387209,5.036644109912243,1,10,9,0.416837828814253,9,0.42490051123548017,9,0.7383794713239746,9,0.12250899999344256,675160064,0,
02958343/147889b73fa491d82e877e82c90c24d,farthest,0,vis_a,view_budget_exhausted,10,0.0818428528465906,0.903733011869497,6.177018985822693,0.9892474856555487,0.08273243453568695,0.9135560362537758,6.244159399333062,1,10,9,0.5549651613901325,9,0.36773625136104005,9,0.6123437588834599,9,0.12135899987697485,675168256,0,
02958343/148ba646cf954b9249352dd33f95cb9e,farthest,0,vis_a,view_budget_exhausted,10,0.070050460498805,0.6380453723282579,4.230556820868131,0.8116967460704232,0.08630127056432403,0.7860637305953925,5.211991844674815,1,10,9,0.44844572748459655,9,0.4467681292401019,9,0.728905122760434,9,0.1337010003226169,675201024,0,
02958343/14ace3e8d05f8d21a413908c0e169330,farthest,0,vis_a,view_budget_exhausted,10,0.12928773316151795,0.8816595718990741,6.485597991220785,0.9598381855419482,0.13469742620056205,0.9185502152128563,6.756970173632816,1,10,9,0.590580418570259,9,0.21674011887744526,9,0.48919375411694144,9,0.1219850000779843,675250176,0,
02958343/14d47aa57151ae4baa93570ec0c0afff,farthest,0,vis_a,view_budget_exhausted,10,0.10970737784785542,0.84692478131926,5.900141503232892,0.9548483577469165,0.11489507936812463,0.8869730721616199,6.179139813524956,1,10,9,0.5034203410030265,9,0.3926421162558121,9,0.6626080406205554,9,0.12357599962342647,675291136,0,
02958343/151bebc457224c2733d7c9e122eec9b6,farthest,0,vis_a,view_budget_exhausted,10,0.1044727242681511,0.8960204685998493,6.115648935452712,0.9823117887596249,0.10635393513913731,0.9121548563834946,6.225771700424164,1,10,9,0.5063257529492433,9,0.3542114333962499,9,0.6477643710651696,9,0.12203200003568782,675299328,0,
02958343/1552f1a6521bb54a4bb135bcd06914d,farthest,0,vis_a,view_budget_exhausted,10,0.054237185506221135,0.6937877977519641,4.377647269205543,0.8651725187663817,0.06268944554960666,0.8019068829661986,5.059854739084261,1,10,9,0.42250540119407787,9,0.4648922097294437,9,0.744937824588794,9,0.1275820000046224,675344384,0,
02958343/1569406dfc3b7ecba9fe1734a6086750,farthest,0,vis_a,view_budget_exhausted,10,0.10748126158904275,0.796149001957841,5.294889770007352,0.926572402562112,0.11599877278002334,0.859241004541436,5.714491123808765,1,10,9,0.43111492027093923,9,0.43154033382648993,9,0.7600108291122444,9,0.12768699980370002,675377152,0,
02958343/156d4748560997c9a848f24544821b25,farthest,0,vis_a,view_budget_exhausted,10,0.08050263724908374,0.6908907536787066,4.602427319169287,0.864839182737878,0.09308393844301929,0.798866156239023,5.321714615888565,1,10,9,0.48556220714380594,9,0.4372687636913848,9,0.7153777858132538,9,0.1274889996238926,675532800,0,
02958343/15c3b923c85d22796d8b9531f93cc8de,farthest,0,vis_a,view_budget_exhausted,10,0.08482663000324803,0.6649522486886457,4.649851123319687,0.7526288262248152,0.11270712341532046,0.8835062191599077,6.178146466490437,1,10,9,0.4921991260966057,9,0.39377453812948326,9,0.6852986754211243,9,0.12085599973943317,675549184,0,
02958343/15c785a7505992c3a9be8fd09fb14f4f,farthest,0,vis_a,view_budget_exhausted,10,0.12900166127267437,0.8770349396808054,6.224628425182911,0.9309534699639319,0.13856939732731466,0.9420824648892329,6.686293811681128,1,10,9,0.43143565938107786,9,0.3403987131820566,9,0.6807706387565575,9,0.1229819999934989,675569664,0,
02958343/15cc37ac9b3b756acfd826dd468a5497,farthest,0,vis_a,view_budget_exhausted,10,0.10398518401203519,0.8149730713673717,5.680878677963066,0.8751772998843959,0.11881613477151524,0.931209106400524,6.491117489808598,1,10,9,0.4394098338030122,9,0.35464353556135175,9,0.6790087282022381,9,0.13185900024836883,675602432,0,
02958343/15d6cd7877c6601d9ed410a010efa019,farthest,0,vis_a,view_budget_exhausted,10,0.10553455640869376,0.8816730693047072,5.958902002444312,0.9706921049210552,0.10872093826010537,0.9082932320505608,6.138817831354402,1,10,9,0.4720427412295069,9,0.48691631084386816,9,0.7247331073577963,9,0.13359699960346916,675631104,0,
02958343/15e52e44cdcc80ed13ded1857c15b5b6,farthest,0,vis_a,view_budget_exhausted,10,0.033584322549849624,0.4767138348390436,2.7265304719125156,0.6243029670815208,0.053794910997858866,0.7635937356946677,4.3673194197016985,1,10,9,0.40801687585136504,9,0.4400576434516134,9,0.7475864105851622,9,0.13576000037573976,675753984,0,
02958343/15fcfe91d44c0e15e5c9256f048d92d2,farthest,0,vis_a,view_budget_exhausted,10,0.06355357986984854,0.5902105877281167,3.9729614828762583,0.701034731759794,0.09065682054056182,0.8419134758794653,5.667281951784343,1,10,9,0.3694504013963869,9,0.32602711820342334,9,0.7432164357945197,9,0.12813099965569563,675774464,0,
02958343/164c8597d8eae2f6f21c3b61f0b564c4,farthest,0,vis_a,view_budget_exhausted,10,0.1203224414956704,0.8221308892471102,5.415456703021693,0.9444450394392105,0.1274001519104966,0.8704909813865637,5.734009367275904,1,10,9,0.4437408173730848,9,0.5156738527492868,9,0.7869535755861902,9,0.12182800037408015,675815424,0,
02958343/1660d6b7221223708a49a62fbc70ff9a,farthest,0,vis_a,view_budget_exhausted,10,0.09207265034222537,0.7389020628576637,4.901216870660227,0.8699530065612932,0.1058363493749686,0.8493585944123108,5.633886926873801,1,10,9,0.3993200748966049,9,0.44456301600352877,9,0.7647485905387843,9,0.13108399980410468,675852288,0,
02958343/167df2c10c116eb5d61b6a34f3fd808c,farthest,0,vis_a,view_budget_exhausted,10,0.06131302438807625,0.6305468964862952,4.183835549594512,0.7785564837840147,0.0787521851851735,0.8098922937763628,5.373836884974401,1,10,9,0.4796133270472369,9,0.3951309039811821,9,0.65711917349665,9,0.12141499973949976,675897344,0,
02958343/1687b77b048d1aaf635b88185c42637a,farthest,0,vis_a,view_budget_exhausted,10,0.10641358895419713,0.7691027476452418,5.432526093288444,0.859980065029831,0.12373959965049404,0.8943262511771864,6.317037236322449,1,10,9,0.5086838596169684,9,0.37143116450651953,9,0.6360524187564878,9,0.13954299993201857,675926016,0,
02958343/1688bcda878d3b18afe717997470b28d,farthest,0,vis_a,view_budget_exhausted,10,0.07914834163527712,0.6696057490308168,4.415454578628036,0.8826495596583308,0.08967130926334461,0.7586314882318843,5.002500177235953,1,10,9,0.47047717438008907,9,0.4023344542915438,9,0.7012308282373465,9,0.12272300000404357,676048896,0,
02958343/16d6ecc22218e21b36dfef0450f0ee37,farthest,0,vis_a,view_budget_exhausted,10,0.07669268107049541,0.6675275122260885,4.4488366065012634,0.8353522352302458,0.0918087937471752,0.7990970563957368,5.325701445301146,1,10,9,0.39287737292642355,9,0.42144412691106,9,0.7302916462290727,9,0.13840499968864606,676069376,0,
02958343/1714b6e57c8c4983fb1aad5dae793ff4,farthest,0,vis_a,view_budget_exhausted,10,0.0725230189537588,0.7127966845431652,4.81137949464746,0.8459712689537768,0.08572752008877195,0.842577887337344,5.687402954709977,1,10,9,0.44369442027274236,9,0.5345238105131886,9,0.7448796746856575,9,0.13098199997330084,676077568,0,
02958343/171c20ce4de5ee8730f65ce13e7c1910,farthest,0,vis_a,view_budget_exhausted,10,0.10385368693054323,0.8014365882039993,5.631229779619581,0.8965984317676621,0.11583077022094894,0.8938634731090827,6.280659858524956,1,10,9,0.44476968814049633,9,0.3246926443832303,9,0.6664244269476837,9,0.12709600014204625,676143104,0,
02958343/1724ae84377e0b9ba6c2c95b41a5446d,farthest,0,vis_a,view_budget_exhausted,10,0.060011921640714935,0.5987348287187457,4.013210345706161,0.7846624066913424,0.07648119895760655,0.7630476796300326,5.114569414161844,1,10,9,0.4721292758984334,9,0.3506614322760545,9,0.7005722689921846,9,0.1245469998139015,676204544,0,
02958343/173669aeeba92aaec4929b8bd41b8bc6,farthest,0,vis_a,view_budget_exhausted,10,0.07440362848112059,0.7002618431534193,4.701295858966207,0.8376425739345853,0.08882503205589339,0.8359912269789972,5.612532129167241,1,10,9,0.39039469341512273,9,0.4996983494547742,9,0.771845548790828,9,0.1212060001307691,676233216,0,
02958343/17457b1f42019702618e9d35559b7aa,farthest,0,vis_a,view_budget_exhausted,10,0.06696748567349983,0.7091793667743295,4.561918518565644,0.897618891170392,0.07460569996046086,0.7900673367620873,5.0822443282331395,1,10,9,0.33594070694302924,9,0.4126990118817473,9,0.7889146250970296,9,0.13133700031175977,676278272,0,
02958343/174f1a421f652029d577c0ac53e96823,farthest,0,vis_a,view_budget_exhausted,10,0.108819807774744,0.8040929558202643,5.325816124434824,0.9310174002925989,0.11688267882055077,0.8636712434886341,5.7204259799666834,1,10,9,0.49965904175957626,9,0.28934773978425254,9,0.629984976658956,9,0.13309399992067483,676298752,0,
02958343/175a289947f549b0e088606e38104b2,farthest,0,vis_a,view_budget_exhausted,10,0.11213441444749903,0.9094903305705184,6.4193507372430005,0.9553209663435407,0.11737878513929174,0.9520259290985338,6.719574848035475,1,10,9,0.5582642450210551,9,0.3350868127681409,9,0.602767598526686,9,0.12359900028968696,676335616,0,
02958343/1790131f5f74b1ed973aff268eb6b00c,farthest,0,vis_a,view_budget_exhausted,10,0.07692749920192861,0.7322107414391331,4.939938517287057,0.8115889330887229,0.09478628412188919,0.9021940930767816,6.086749481029485,1,10,9,0.4256589710097931,9,0.4321874073702736,9,0.7147043382160452,9,0.138639999931911,676368384,0,
02958343/17926c1ef484b73e6758a098566bc94e,farthest,0,vis_a,view_budget_exhausted,10,0.07269176288655169,0.6286299223489276,4.161858765956424,0.8132238602542851,0.08938714963899592,0.7730096878273625,5.117728302579639,1,10,9,0.4234372690109287,9,0.40805375447349396,9,0.7001969807009885,9,0.1250880000043253,676429824,0,
02958343/17c32e15723ed6e0cd0bf4a0e76b8df5,farthest,0,vis_a,view_budget_exhausted,10,0.06328945932701292,0.8744809794992626,6.017507867119323,0.9564109534936056,0.06617391728506178,0.9143360145604075,6.291759672072342,1,10,9,0.5436970055100578,9,0.2625853829178016,9,0.5670993783368028,9,0.13428299962470192,676478976,0,
02958343/17e146cb10c72fcfa2b80c598d71bf14,farthest,0,vis_a,view_budget_exhausted,10,0.11229767703315008,0.7935240868026896,5.475614995116939,0.9248720737338552,0.12141968627054178,0.8579825354647234,5.920402562281953,1,10,9,0.36013098823451206,9,0.4736969708232629,9,0.799276874115873,9,0.12453200042727985,676491264,0,
02958343/18244d93dbd2afbebda733a39f84326d,farthest,0,vis_a,view_budget_exhausted,10,0.0781722661573013,0.7327108720013151,4.896571804093633,0.8942666744718477,0.08741493828277756,0.8193427004691334,5.475516357562514,1,10,9,0.534067314690914,9,0.4227435576670276,9,0.6595548651942449,9,0.12189500012027565,676503552,0,
02958343/186646b16a670b7d69a949ac99a843c4,farthest,0,vis_a,view_budget_exhausted,10,0.07782022310099683,0.8006511473266689,5.16428500074802,0.9539078190965309,0.08158044366876271,0.8393380694635514,5.413819760529101,1,10,9,0.5389674688596,9,0.3990161217587022,9,0.6436513650457201,9,0.13937600033386843,676524032,0,
02958343/187b002f0af1ab5a473f10e6caaeca56,farthest,0,vis_a,view_budget_exhausted,10,0.09340746970153874,0.8498115581681466,5.888164658620268,0.936649237107631,0.09972513295369846,0.9072890090556858,6.286413766590892,1,10,9,0.39844205544966876,9,0.41874437754345883,9,0.7116227352837214,9,0.12262700010978733,676610048,0,
02958343/189c2b53ef76d02978a20fe14185667,farthest,0,vis_a,view_budget_exhausted,10,0.13528114424530643,0.8655432316614718,6.147493977004759,0.9377627618487654,0.1442594542553647,0.9229874194994527,6.555489540750367,1,10,9,0.3362137652421659,9,0.344093153752709,9,0.742202707377206,9,0.12318000017330633,676614144,0,
02958343/189cffefcdd5cb071a126804ae24042,farthest,0,vis_a,view_budget_exhausted,10,0.08898912401256032,0.8772128990929441,5.8850577236305135,0.9505978640034305,0.09361384806587275,0.9228012520442381,6.190901480512137,1,10,9,0.5566259494448329,9,0.3981682429229132,9,0.6119349765029515,9,0.13115999990986893,676630528,0,
02958343/18a9275b78be4b9ec6d3267fc5334296,farthest,0,vis_a,view_budget_exhausted,10,0.10965885230134023,0.8367753126116357,5.822954852425268,0.9454546974389767,0.11598530590453598,0.885050669141812,6.15889356539064,1,10,9,0.5486483709450599,9,0.3752756662230807,9,0.6373204478632384,9,0.12351300028967671,676704256,0,
02958343/18aad9d102afbca57ba2273581c30cb,farthest,0,vis_a,view_budget_exhausted,10,0.10340490202761184,0.7646027462216075,5.3081235875909405,0.9080045405901873,0.11388148120977504,0.8420692981608098,5.845921854246182,1,10,9,0.5116344663954563,9,0.3195544003271926,9,0.6457498490150826,9,0.12442299976100912,676753408,0,
02958343/18c06b8c38623c0b4046e8fe9dfc34b5,farthest,0,vis_a,view_budget_exhausted,10,0.08111119477429869,0.6912909400111977,4.647583772865906,0.8604685715009208,0.09426398297478306,0.8033889474956355,5.401224317535615,1,10,9,0.4518440652673878,9,0.3866141414779732,9,0.6663247063675375,9,0.12985100011064787,676868096,0,
02958343/18cd6293d7b17a698ce68842a487b19,farthest,0,vis_a,view_budget_exhausted,10,0.06863944316379168,0.7137496029008956,4.777350884302565,0.8384402647309677,0.08186563318952267,0.8512825933161955,5.697902504521875,1,10,9,0.5620617458006222,9,0.4138827754008586,9,0.6130484895168554,9,0.13171099999453872,676872192,0,
02958343/18d9ac72442260e0e97c6bb243ef67d,farthest,0,vis_a,view_budget_exhausted,10,0.12712101390200115,0.8726170398081201,6.1555941906800475,0.9109580808998419,0.13954650226762505,0.9579113003159831,6.757274917194399,1,10,9,0.43149504075638867,9,0.40260416039649904,9,0.6938517977223881,9,0.14180400012264727,676900864,0,
02958343/18da5e80080352be294d52e32dbd135b,farthest,0,vis_a,view_budget_exhausted,10,0.16943722356093488,0.8772952578037657,6.150019181682185,0.9724244563687225,0.17424204260931084,0.9021731735129398,6.324418458836281,1,10,9,0.49207994634777674,9,0.4383380255711867,9,0.6970387385757287,9,0.1389610001751862,676937728,0,
02958343/18e16129375e723e6f8f8c736fcc7940,farthest,0,vis_a,view_budget_exhausted,10,0.07998801497084507,0.7114332448607787,4.869769447527203,0.8747387250724843,0.09144217887943276,0.8133094196805184,5.567113136695387,1,10,9,0.5543628062857516,9,0.36091883653054213,9,0.5831481127365328,9,0.12876499977210187,677015552,0,
02958343/18f6df600df7341ab0bbc6f39febba97,farthest,0,vis_a,view_budget_exhausted,10,0.1136476695113811,0.8017282051563706,5.5873290703540235,0.8636291127676738,0.13159314320376972,0.9283246631034364,6.4695932406079955,1,10,9,0.4541067928123225,9,0.3852883462317217,9,0.5977118771766302,9,0.13058700005785795,677027840,0,
02958343/18ff13d7f181e7625fa21635eac9e4ed,farthest,0,vis_a,view_budget_exhausted,10,0.0786504283090057,0.6032613459865612,4.244189822889555,0.7061532082535814,0.11137870279385906,0.8542924381502329,6.010296028231674,1,10,9,0.4332563911973774,9,0.35000305256395153,9,0.7161502266423925,9,0.12335800010987441,677052416,0,
02958343/19042f5a90290859441c11ab4641b257,farthest,0,vis_a,view_budget_exhausted,10,0.08302127336224546,0.6049515652554813,4.237043430590079,0.7001917273366478,0.118569343396897,0.8639798809914022,6.051261768982505,1,10,9,0.43325996384413507,9,0.38842168522165266,9,0.7067000139924542,9,0.13521900018531596,677105664,0,
02958343/191f9cd970e5b0cc174ee7ebab9d8065,farthest,0,vis_a,view_budget_exhausted,10,0.08101622575937706,0.6684221701592943,4.517960791523792,0.7808247746845436,0.10375724283608694,0.8560463138856469,5.786139141587902,1,10,9,0.430569982156229,9,0.40013173640532707,9,0.7685677261947172,9,0.12187699985588551,677154816,0,
02958343/19245fb8ee79038fcd059a326bfe20ef,farthest,0,vis_a,view_budget_exhausted,10,0.06666790816950498,0.6508897330546981,4.218030694570436,0.8837541498471834,0.07543716562013658,0.7365054332896184,4.77285531875557,1,10,9,0.4598798769428456,9,0.4668525971065981,9,0.7584615578546099,9,0.1325149996773689,677875712,0,
02958343/198d8e274c59511b36a1a31af8f59,farthest,0,vis_a,view_budget_exhausted,10,0.10813574237574736,0.8377315415422043,5.866599557819787,0.9120139714202189,0.11856807654750588,0.9185512149969156,6.4325764096399976,1,10,9,0.5159024088813553,9,0.3159610639115855,9,0.6099875172438295,9,0.12154599971836433,677904384,0,
02958343/19c25429d34ce9748c844a5e3a5e1a93,farthest,0,vis_a,view_budget_exhausted,10,0.06728242391298903,0.8996781280348871,5.9707262798396865,0.9557369518518336,0.07039847500153966,0.9413449237174234,6.247248542887058,1,10,9,0.5094699548798695,9,0.3730266388176862,9,0.6520890906586095,9,0.13000400031160098,677953536,0,
02958343/19d35f3e0c0b402125ddb89f02fe6cc0,farthest,0,vis_a,view_budget_exhausted,10,0.0842574607959968,0.8192920827365042,5.622478482037283,0.881114956918595,0.09562595678849796,0.9298356318926925,6.381095267863823,1,10,9,0.4352400662854989,9,0.40612908406671017,9,0.6907392030085577,9,0.12335800010987441,677969920,0,
02958343/19d49c8015948b742d60c8689a64d7a0,farthest,0,vis_a,view_budget_exhausted,10,0.10836460684301877,0.8984002942975495,6.22643391670252,0.9836404833363017,0.11016688381457096,0.913342130094488,6.32998948516613,1,10,9,0.5005773549672592,9,0.3784796946443026,9,0.6568546372615595,9,0.12273399988771416,677974016,0,
02958343/1a0bc9ab92c915167ae33d942430658c,farthest,0,vis_a,view_budget_exhausted,10,0.0979493746468803,0.6661494362506541,4.712765281747371,0.7693577606243424,0.12731316906115733,0.8658513247595845,6.125583600954268,1,10,9,0.5316002213377371,9,0.31764397962972546,9,0.5904032486362155,9,0.1229180002155772,678023168,0,
02958343/1a3782ae4bd711b66b418c7d9fedcaa9,farthest,0,vis_a,view_budget_exhausted,10,0.098294576370128,0.7996669170462734,5.493208287451678,0.915204692779347,0.10740173990107207,0.8737574483122439,6.002163593337336,1,10,9,0.45799131178705754,9,0.3068794702832955,9,0.6418075532475371,9,0.12163600013082032,678031360,0,
02958343/1a7125aefa9af6b6597505fd7d99b613,farthest,0,vis_a,view_budget_exhausted,10,0.0837032227005782,0.853784208101922,5.5599430529229465,0.9476943991790834,0.08832301084936665,0.9009066729121659,5.866810079007651,1,10,9,0.5680738423458963,9,0.3996753623722403,9,0.6348592922664282,9,0.13657699992108974,678072320,0,
02958343/1a87a329781b15763820d8f180caa23a,farthest,0,vis_a,view_budget_exhausted,10,0.10829359800763798,0.754239766999593,5.1988781511336395,0.8758109450839768,0.12364951433354636,0.8611901589415202,5.936073510288395,1,10,9,0.4647550023850684,9,0.41235978127922507,9,0.7273966152314545,9,0.12933599964526366,678080512,0,
02958343/1ab80bc91a45b7d0a31091d2234b9f68,farthest,0,vis_a,view_budget_exhausted,10,0.11020624734806504,0.6943313484379122,4.891062229098074,0.7935868148575647,0.13887106651065667,0.8749280298495545,6.163235247268991,1,10,9,0.4190142679053561,9,0.41830558059926215,9,0.7116068814945248,9,0.1277170003959327,678133760,0,
02958343/1ae184691a39e3d3e0e8bce75d28b114,farthest,0,vis_a,view_budget_exhausted,10,0.06933386865830277,0.6316572707661573,4.102373385668143,0.8096570748528483,0.08563362293956846,0.7801540805173083,5.066803604987619,1,10,9,0.39361376707652806,9,0.49526440813271894,9,0.7893294524081648,9,0.12888699984614505,678154240,0,
02958343/1ae530f49a914595b491214a0cc2380,farthest,0,vis_a,view_budget_exhausted,10,0.06358217814807501,0.5507120391441744,3.7109852227592293,0.6895487832241426,0.09220838277863684,0.7986556608354738,5.381758786387341,1,10,9,0.35484153614303376,9,0.4608671165555837,9,0.8078023209418135,9,0.1298920001318038,678174720,0,
02958343/1aef0af3cdafb118c6a40bdf315062da,farthest,0,vis_a,view_budget_exhausted,10,0.0983900366757069,0.8411526559577902,5.774517888611831,0.915432625004143,0.10747927699786929,0.9188580710174966,6.307966016161699,1,10,9,0.40464631883062524,9,0.41412396547432856,9,0.7467183173239279,9,0.12379400004647323,678178816,0,
02958343/1b25c745164e53b822d2fb8fec68f2a1,farthest,0,vis_a,view_budget_exhausted,10,0.08348785990018645,0.7461610716311384,4.86232103153908,0.8785689826819703,0.09502709695637855,0.8492913889964158,5.534364548923727,1,10,9,0.5292140782889466,9,0.2651509734652117,9,0.5879902958478476,9,0.12223499970787088,678219776,0,
02958343/1b2ef0809ca1abc7ca92a4cdad802b45,farthest,0,vis_a,view_budget_exhausted,10,0.09071810521677523,0.6044052969596836,4.242859164640276,0.7264413169867794,0.12488015631196019,0.8320084263195664,5.840608271345738,1,10,9,0.4498713834717935,9,0.33473710625264,9,0.7066729122379029,9,0.12519000028987648,678232064,0,
03001627/1006be65e7bc937e9141f9b58470d646,farthest,0,vis_a,view_budget_exhausted,10,0.356881919675448,0.9976435079205688,8.155418885535846,0.9999999999999999,0.3568819196754481,0.9976435079205689,8.155418885535846,1,10,9,0.5395454934947765,9,0.38821002489809775,9,0.5855135743810681,9,0.122363000173209,678268928,0,
03001627/1007e20d5e811b308351982a6e40cf41,farthest,0,vis_a,view_budget_exhausted,10,0.22393503870052273,0.9827085322771447,7.0099484095618765,0.9971742226315488,0.22456962245730422,0.9854933169890523,7.029813096313882,1,10,9,0.3805179976753238,9,0.3962762376216254,9,0.7530279455687008,9,0.13280199982546037,678293504,0,
03001627/100b18376b885f206ae9ad7e32c4139d,farthest,0,vis_a,view_budget_exhausted,10,0.2511020214972155,0.913341358105066,6.69362540851476,0.9524254359806362,0.26364480830845916,0.9589636349481485,7.027978417673054,1,10,9,0.5486643754814752,9,0.46536041916521104,9,0.5917788680986188,9,0.1224389998242259,678326272,0,
03001627/1013f70851210a618f2e765c4a8ed3d,farthest,0,vis_a,view_budget_exhausted,10,0.2958647856056931,0.9725715365900472,7.508481372093634,0.9996450086779185,0.2959698523348697,0.9729169136514998,7.5111477643688564,1,10,9,0.5050896731163337,9,0.44552548502403916,9,0.6069734371386191,9,0.12236699967616005,678338560,0,
03001627/1015e71a0d21b127de03ab2a27ba7531,farthest,0,vis_a,view_budget_exhausted,10,0.3181515761608963,0.9886156161926576,7.581419219536834,0.9994328765199398,0.3183321097748067,0.9891766014692769,7.585721260176672,1,10,9,0.4805627633702567,9,0.3949778906544137,9,0.7023846607798148,9,0.13773000000583124,678375424,0,
03001627/1016f4debe988507589aae130c1f06fb,farthest,0,vis_a,view_budget_exhausted,10,0.22209092687828336,0.9564669516788498,6.975628461423938,0.9850660077931189,0.22545791360301037,0.9709673708279298,7.081381761463584,1,10,9,0.47807534495866544,9,0.4698029756362306,9,0.7031911136693583,9,0.1283460001104686,678391808,0,
03001627/1022fe7dd03f6a4d4d5ad9f13ac9f4e7,farthest,0,vis_a,view_budget_exhausted,10,0.3019022583081791,0.9420179256929573,7.2203408286453135,0.9860776791422575,0.3061647826475391,0.955318171802017,7.322284016129386,1,10,9,0.38286817456785166,9,0.4867326932943461,9,0.7501100760163024,9,0.13134000028003356,678440960,0,
03001627/1028b32dc1873c2afe26a3ac360dbd4,farthest,0,vis_a,view_budget_exhausted,10,0.26469321606767504,0.9463690074803551,6.9744366196511365,0.971738731875352,0.2723913407844158,0.9738924429347012,7.177275527745218,1,10,9,0.48610723066029266,9,0.37481234938099883,9,0.6937350111171162,9,0.12243800028954865,678453248,0,
03001627/1031fc859dc3177a2f84cb7932f866fd,farthest,0,vis_a,view_budget_exhausted,10,0.23260922650372734,0.9179008547306269,6.765479478108466,0.974672369926946,0.2386537606695078,0.9417532322163044,6.941285797006387,1,10,9,0.40774749103497493,9,0.4910487034176733,9,0.6974371836535789,9,0.14288500005932292,678469632,0,
03001627/1033ee86cc8bac4390962e4fb7072b86,farthest,0,vis_a,view_budget_exhausted,10,0.2950054614034245,0.9883751589364672,7.77584514786667,0.9984472798122868,0.2954642346853677,0.9899122156177208,7.787937635854515,1,10,9,0.34834357383432046,9,0.4640006058339995,9,0.7532302527035868,9,0.12194700002510217,678510592,0,
03001627/103a0a413d4c3353a723872ad91e4ed1,farthest,0,vis_a,view_budget_exhausted,10,0.29299573902292075,0.9720824141039457,7.166740475069044,0.9909601450685146,0.29566853972988305,0.9809500603444917,7.232117770562345,1,10,9,0.4400380895963974,9,0.4747815109498423,9,0.718028305236309,9,0.12440199998309254,678543360,0,
03001627/103a60f3b09107df2da1314e036b435e,farthest,0,vis_a,view_budget_exhausted,10,0.23993121980016247,0.9760919336621343,7.145192390603993,0.9964318017691015,0.24079040770695975,0.9795872953162925,7.17077915208864,1,10,9,0.3942770792179871,9,0.422002416596933,9,0.6559879994873624,9,0.12190799998279545,678559744,0,
03001627/103b75dfd146976563ed57e35c972b4b,farthest,0,vis_a,view_budget_exhausted,10,0.19215425994972293,0.9988647988579331,7.151958311911886,1.0,0.19215425994972293,0.9988647988579331,7.151958311911886,1,10,9,0.6246277606734447,9,0.3385819198833812,9,0.5262229739914185,9,0.13042799992035725,678596608,0,
03001627/103c31671f8c0b1467bb14b25f99796e,farthest,0,vis_a,view_budget_exhausted,10,0.46936271380500083,0.997224127308971,8.223705148778947,0.9995496303437814,0.46957419577412074,0.9976734491572864,8.227410524828583,1,10,9,0.43117342372002,9,0.2323953788189393,9,0.659195657905706,9,0.12483000000429456,678629376,0,
03001627/103d77d63f0d68a044e6721e9db29c1b,farthest,0,vis_a,view_budget_exhausted,10,0.2706269892516155,0.9072742370098941,6.786338059897859,0.9930829351317222,0.2725119722409887,0.9135936233659614,6.833606559755981,1,10,9,0.606492051290138,9,0.3962019820926125,9,0.48134585136716723,9,0.126466999972763,678653952,0,
03001627/104256e5bb73b0b719fb4103277a6b93,farthest,0,vis_a,view_budget_exhausted,10,0.1886313325395722,0.8729902200855866,6.403352759405941,0.9247212388275868,0.20398723920165338,0.9440577153742162,6.924630354034551,1,10,9,0.5018842321334648,9,0.40115486080013774,9,0.6148742466620685,9,0.14106299977356684,678686720,0,
03001627/1049953406c81b237eaeab1f0c9120b7,farthest,0,vis_a,view_budget_exhausted,10,0.2866018593096587,0.8346523822616,6.609332009898477,0.8493819800924178,0.33742399300544934,0.9826584526443389,7.7813423934180275,1,10,9,0.5241829252579076,9,0.48885307128879035,9,0.6120654946902085,9,0.12603999994098558,678731776,0,
03001627/1055f78d441d170c4f3443b22038d340,farthest,0,vis_a,view_budget_exhausted,10,0.20949191001031625,0.9818641497024869,7.089620457334374,0.9966985072364998,0.2101858370302619,0.9851165047140048,7.113104319772124,1,10,9,0.5077968333122276,9,0.3508736114561131,9,0.6246372208756787,9,0.13312900000528316,678760448,0,
03001627/1063d4fcd366de4060e37b3f76995f8b,farthest,0,vis_a,view_budget_exhausted,10,0.34932264592314377,0.9901460338039894,7.596875305022046,0.9992068075739671,0.3495999459524147,0.9909320335877445,7.602905872375856,1,10,9,0.4474312037931109,9,0.4037364164494102,9,0.6700079212745264,9,0.12217299990879837,678793216,0,
03001627/106a0dbaead5066519fb4103277a6b93,farthest,0,vis_a,view_budget_exhausted,10,0.15222441059599517,0.7913571568986788,5.520719944399014,0.9400437416995739,0.16193332697559107,0.841830142359042,5.872833039043162,1,10,9,0.5412711444622429,9,0.31657727324107776,9,0.5832148060710547,9,0.13407100004769745,678797312,0,
03001627/106c7f10c5bf5bd5f51f77a6d7299806,farthest,0,vis_a,view_budget_exhausted,10,0.25618254729095785,0.9947249337792532,7.607415806186238,0.9989243070122624,0.25645841781264517,0.9957961046662591,7.615607862160923,1,10,9,0.4463609954062785,9,0.3377980694558058,9,0.6161936690324389,9,0.13428400006887387,678809600,0,
03001627/106e9487a1d47ff1a09cb462b3e723e2,farthest,0,vis_a,view_budget_exhausted,10,0.2760046542247375,0.900032994843062,6.995803207810455,0.9681775891077093,0.28507647494620136,0.9296156045840198,7.225743795885543,1,10,9,0.5687634777713213,9,0.3550114141883443,9,0.49695386313893547,9,0.13759200010099448,678842368,0,
03001627/10709332176024ce9e47e7a22e24daa3,farthest,0,vis_a,view_budget_exhausted,10,0.2593577199842936,0.9457554402810029,7.145990349690778,0.9777367924837437,0.2652633326045218,0.9672904278036847,7.30870557866379,1,10,9,0.48522628232062254,9,0.37198635658736595,9,0.6331812657852043,9,0.13139400016370928,678875136,0,
03001627/1079635b3da12a812cee4bf5d0f11ffe,farthest,0,vis_a,view_budget_exhausted,10,0.17990645938176145,0.9926373609098279,7.170739610345444,0.9990926656322554,0.18006984293885425,0.9935388328385512,7.17725177754917,1,10,9,0.5744415064656088,9,0.3315755224952352,9,0.4946653780087858,9,0.13102499997330597,678887424,0,
03001627/107caefdad02cf1c8ab8e68cb52baa6a,farthest,0,vis_a,view_budget_exhausted,10,0.25879369177635025,0.9676393345717544,7.119675193670975,0.9946829767706691,0.26017705924409007,0.9728117974968121,7.1577330264419174,1,10,9,0.4310804287785739,9,0.4248401620326692,9,0.6697816844745385,9,0.12758899993059458,678895616,0,
03001627/107ed94869ed6f1be13496cd332ce78f,farthest,0,vis_a,view_budget_exhausted,10,0.25756652713662453,0.9756122093487484,7.365093665235791,0.9956643169678406,0.258688116815322,0.979860574214251,7.397165429876181,1,10,9,0.2760505024820523,9,0.5136787022854435,9,0.7706959808444087,9,0.13113700015310314,678965248,0,
03001627/108238b535eb293cd79b19c7c4f0e293,farthest,0,vis_a,view_budget_exhausted,10,0.15869924925398882,0.8129394736270354,5.945297067740759,0.8904130264841335,0.17823105068512463,0.9129914426757564,6.6770104332550435,1,10,9,0.4942477705462449,9,0.36143779837110457,9,0.6167121036056851,9,0.12400700006764964,678969344,0,
03001627/108b9cb292fd811cf51f77a6d7299806,farthest,0,vis_a,view_budget_exhausted,10,0.34589381883617765,0.9776963853706091,7.501214315046989,0.9992476968961177,0.346154231739137,0.9784324631495758,7.506861750442264,1,10,9,0.5275549458396807,9,0.3311146428197059,9,0.7173443361467302,9,0.12146400013079983,679002112,0,
03001627/1093d35c2ac73bb74ca84d60642ec7e8,farthest,0,vis_a,view_budget_exhausted,10,0.2404827351505341,0.9052549169035133,6.745078472721323,0.9485493452212022,0.25352685799857194,0.9543572208069022,7.110941045611462,1,10,9,0.3904358565874408,9,0.47035357377117065,9,0.6910191578769737,9,0.12000000015177648,679026688,0,
03001627/10991b3b01cc6cc99982a4d6320875e,farthest,0,vis_a,view_budget_exhausted,10,0.23680421966364928,0.9636927005259297,7.092859202127589,0.9924098111486104,0.2386153552730129,0.9710632540105144,7.147107094717603,1,10,9,0.37662768482901743,9,0.477661027607552,9,0.6865615401616032,9,0.11933600035263225,679157760,0,
03001627/10a1783f635b3fc181dff5c2e57ad46e,farthest,0,vis_a,view_budget_exhausted,10,0.1564836517032271,0.8694593080292161,6.091868531475862,0.9574191806416585,0.16344319694781168,0.9081281486824903,6.362801847559725,1,10,9,0.3988451075243708,9,0.3975572294475703,9,0.706891947612255,9,0.12903000015285215,679170048,0,
03001627/10c08a28cae054e53a762233fffc49ea,farthest,0,vis_a,view_budget_exhausted,10,0.15305606969841612,0.879270980903151,6.295554773522231,0.9284916763612531,0.16484377145764073,0.9469885442042978,6.780410566731659,1,10,9,0.5896051836662797,9,0.4252291827583561,9,0.4893421135265632,9,0.12129400010962854,679198720,0,
03001627/10d174a00639990492d9da2668ec34c,farthest,0,vis_a,view_budget_exhausted,10,0.3582181483385555,0.9340590039500896,7.36680734468354,0.9835765992315842,0.36419954339947913,0.9496555781012073,7.489815587762898,1,10,9,0.23521221135506487,9,0.44077712770263017,9,0.7955479111822998,9,0.12069400008840603,679272448,0,
03001627/10d5c2f88b60bbf5febad4f49b26ec52,farthest,0,vis_a,view_budget_exhausted,10,0.13673913809187438,0.8072617614863257,5.629452290604326,0.9290523374723547,0.14718130785171535,0.8689088105441066,6.05934893390421,1,10,9,0.4755090115577898,9,0.3251757687956309,9,0.6699300811319484,9,0.12977200003660982,679305216,0,
03001627/10dc303144fe5d668d1b9a1d97e2846,farthest,0,vis_a,view_budget_exhausted,10,0.2206325343038958,0.9451342604283056,6.8783470452537445,0.9551454479337473,0.23099365105198066,0.9895186774672917,7.201360860938588,1,10,9,0.5244141926002684,9,0.37320644301591993,9,0.6458806716705736,9,0.12022900000374648,679473152,0,
03001627/10de9af4e91682851e5f7bff98fb8d02,farthest,0,vis_a,view_budget_exhausted,10,0.19026232566029389,0.9965845602082315,7.163742325150915,0.9999632187687414,0.19026932400030136,0.9966212171636972,7.164005826105942,1,10,9,0.6125600117992196,9,0.35591211611356355,9,0.48087745956502914,9,0.12229799995111534,679489536,0,
03001627/10e523060bb5b51f9ee9f382b1dfb770,farthest,0,vis_a,view_budget_exhausted,10,0.24295228941345476,0.984207389486951,7.261618423558666,0.9961645355069846,0.24388771207339502,0.9879968161946779,7.289577338609995,1,10,9,0.3175054007695308,9,0.4286937796862269,9,0.7388461438800378,9,0.1248570001735061,679510016,0,
03001627/11040f463a3895019fb4103277a6b93,farthest,0,vis_a,view_budget_exhausted,10,0.14806479992027577,0.7334264374918273,5.305845421421271,0.8187753440060492,0.18083690600138766,0.8957602874353391,6.4802212966760635,1,10,9,0.5157476519150814,9,0.3386197677020388,9,0.5939056959482558,9,0.12432699986675289,679596032,0,
03001627/110ad013a9ae7a1ab0f4eaf0533e82bb,farthest,0,vis_a,view_budget_exhausted,10,0.2282864232360358,0.9785997508042561,7.2528720682340095,0.995684432520616,0.22927587876222927,0.9828412686205112,7.2843079909093955,1,10,9,0.4560793268814862,9,0.4990277309138327,9,0.6352665472913086,9,0.12539099998321035,679608320,0,
03001627/111720e8cd4c613492d9da2668ec34c,farthest,0,vis_a,view_budget_exhausted,10,0.24199792129070474,0.9769344861008051,7.320299708923491,0.989883832286427,0.24447103124387798,0.9869183173183953,7.395109880737331,1,10,9,0.5209057371450854,9,0.438428412869848,9,0.6411185020443706,9,0.13566300003731158,679641088,0,
03001627/111cb08c8121b8411749672386e0b711,farthest,0,vis_a,view_budget_exhausted,10,0.5821467524952748,0.9985717217634942,8.564346758912478,0.9999484088544921,0.5821767876626385,0.9986232418804736,8.564788626168735,1,10,9,0.29543469321971705,9,0.45104586495056886,9,0.7740538881027468,9,0.12146800008849823,679669760,0,
03001627/112cee32461c31d1d84b8ba651dfb8ac,farthest,0,vis_a,view_budget_exhausted,10,0.3541984222638867,0.9974892350293793,8.013305138235806,0.9999353805387307,0.35422131185422884,0.9975536964118287,8.013822987159944,1,10,9,0.5114064984945704,9,0.4008451636391243,9,0.6146376701217109,9,0.13131400010024663,679698432,0,
03001627/113016635d554d5171fb733891076ecf,farthest,0,vis_a,view_budget_exhausted,10,0.29937931519964867,0.9466429154631453,7.419669076919241,0.9785698893238852,0.3059355478498283,0.9673738440053588,7.582155508632754,1,10,9,0.26052363242675763,9,0.3804105287546827,9,0.7859158349393562,9,0.1291809999202087,679706624,0,
03001627/11347c7e8bc5881775907ca70d2973a4,farthest,0,vis_a,view_budget_exhausted,10,0.1802758638415702,0.99503062017517,7.110460567888276,0.9999986456300451,0.18027610800211447,0.9950319678165713,7.110470198095476,1,10,9,0.6489499542650695,9,0.2468152844719888,9,0.457607332672285,9,0.12098400020477129,679751680,0,
03001627/11355c7f7ffa3c09737d107bffc3cd98,farthest,0,vis_a,view_budget_exhausted,10,0.1848965600186258,0.9196089381671327,6.722426179361054,0.9631434728079857,0.19197198053948414,0.9547995331225879,6.979672675102321,1,10,9,0.499574027420316,9,0.44024282614714216,9,0.5841153301410151,9,0.1291710000259627,679763968,0,
03001627/11358c94662a68117e66b3e5c11f24d4,farthest,0,vis_a,view_budget_exhausted,10,0.362226805780371,0.9672770481024944,7.514851260020563,0.9957204210525142,0.3637836466158678,0.9714343782163731,7.547149883776694,1,10,9,0.3964270882092691,9,0.4539520130917969,9,0.7571916211938385,9,0.12527499984571477,679923712,0,
03001627/1145248e1eba424d492d9da2668ec34c,farthest,0,vis_a,view_budget_exhausted,10,0.2816356124284076,0.9626040643053837,7.4272884442263125,0.9862701564992504,0.2855562551218913,0.9760044526969476,7.530683550832918,1,10,9,0.392794679437881,9,0.45377312722480895,9,0.7169864963243981,9,0.12009800002488191,679944192,0,
03001627/114b563de051057fcda85f6a3e19b0a1,farthest,0,vis_a,view_budget_exhausted,10,0.7077661727487837,0.9996794649099308,8.225768501346883,0.9999825605501644,0.7077785160167085,0.999696899073853,8.225911956725803,1,10,9,0.59038346377647,9,0.23759412667647103,9,0.5456232570015875,9,0.12152299996159854,679968768,0,
03001627/114f72b38dcabdf0823f29d871e57676,farthest,0,vis_a,view_budget_exhausted,10,0.24519457362829006,0.8484711422182296,6.24687095657985,0.8966932569101596,0.27344308852414656,0.9462222846884178,6.966563993249399,1,10,9,0.4614337313467342,9,0.43509122915506765,9,0.7107383408854128,9,0.1315009999416361,679989248,0,
03001627/11506b96d41f7d3dd7c4a943f33e0384,farthest,0,vis_a,view_budget_exhausted,10,0.2663308568924603,0.9820319777740205,7.136699296013351,0.9979119106307804,0.26688814318701987,0.9840868390410109,7.151632543900835,1,10,9,0.3629086276390992,9,0.40530785660596647,9,0.691305659398813,9,0.129569999899104,680026112,0,
03001627/11525a18678f7ce6ae1e1181f20bb9c8,farthest,0,vis_a,view_budget_exhausted,10,0.3319759986509116,0.9802656989586973,7.555069361949573,0.9979262826701463,0.33266585359656536,0.9823027171263646,7.570768996818596,1,10,9,0.4320324661333637,9,0.4190407083536458,9,0.6704071261111257,9,0.12401399999362184,680034304,0,
03001627/1157d8d6995da5c0290d57214c8512a4,farthest,0,vis_a,view_budget_exhausted,10,0.2211456668023546,0.9661377056288872,6.810516767073998,0.9991450710141128,0.2213348924174705,0.9669643915155146,6.8163442573573985,1,10,9,0.48333188305399094,9,0.3761212157724509,9,0.6337790936038303,9,0.12062099995091558,680075264,0,
03001627/115b11a77b8d8c3c110a27d1d78196,farthest,0,vis_a,view_budget_exhausted,10,0.358363555500552,0.9982004502069557,7.552946590493279,0.9996971101590915,0.3584721330679071,0.9985028865874209,7.555234994418766,1,10,9,0.5113289276934156,9,0.3663345436519216,9,0.5496715189965475,9,0.12023999988741707,680124416,0,
03001627/1166b15756ed9b8897317616969032,farthest,0,vis_a,view_budget_exhausted,10,0.152490362118314,0.7941545031089612,5.782781853406165,0.8456803471372271,0.18031678592806372,0.9390717258563597,6.838023223528692,1,10,9,0.5306253829577112,9,0.3929716932706293,9,0.592213876816166,9,0.12163099972894997,680411136,0,
03001627/116a9cd5ac9a008ee8cb931b01d0a372,farthest,0,vis_a,view_budget_exhausted,10,0.23010631195066872,0.9887610770411991,7.167528577332636,0.9996914149431413,0.23017734123860242,0.989066288117955,7.169741052282917,1,10,9,0.2973243786290691,9,0.5003623443434796,9,0.7453896317418592,9,0.1262559999304358,680427520,0,
03001627/116bcb3b43de74b9df9054bbcf5c6adc,farthest,0,vis_a,view_budget_exhausted,10,0.18522331541702777,0.8716464409504479,6.500720100986647,0.9064644470555496,0.20433599576760564,0.9615892203845386,7.171511383709319,1,10,9,0.45418200023122385,9,0.38966284903721365,9,0.6123591666601852,9,0.136537999878783,680468480,0,
03001627/11740d372308f12185047f9f654ddc2e,farthest,0,vis_a,view_budget_exhausted,10,0.29721212354987264,0.9945051069976076,7.744644514998658,0.9996167737414248,0.29732606670599326,0.9948863735802623,7.7476136039729955,1,10,9,0.40993677486498814,9,0.37131999574389185,9,0.6492638182303937,9,0.13813499981552013,680501248,0,
03001627/117930a8f2e37f9b707cdefe012d0353,farthest,0,vis_a,view_budget_exhausted,10,0.2745756954986146,0.9810335818873752,7.23645138261642,0.9945589803492774,0.27607784045365197,0.9864006069734023,7.276040461748245,1,10,9,0.41200163063015,9,0.3555551220824651,9,0.6795279788111073,9,0.1253149998774461,680517632,0,
03001627/117bd6da01905949a81116f5456ee312,farthest,0,vis_a,view_budget_exhausted,10,0.24169773040145792,0.9739083418781487,7.169506200203621,0.986626229203703,0.24497395593925164,0.987109721038109,7.266689236500497,1,10,9,0.5006281456363391,9,0.37784784148465533,9,0.6234526888977389,9,0.12152299996159854,680538112,0,
03001627/117c0e0aafc0c3f81015cdff13e6d9f3,farthest,0,vis_a,view_budget_exhausted,10,0.23900167948472903,0.9992478050470214,7.433808727390671,0.9999999999999998,0.23900167948472908,0.9992478050470216,7.433808727390673,1,10,9,0.5279386543888791,9,0.37036787963627277,9,0.5939948655465122,9,0.12254800003574928,680562688,0,
03001627/1190af00b6c86c99c3bd24f986301745,farthest,0,vis_a,view_budget_exhausted,10,0.1740724136723408,0.926075913987427,6.523642404672563,0.979505069703742,0.17771466330949182,0.9454529053816179,6.6601415413252365,1,10,9,0.4470981830722612,9,0.468234647595552,9,0.7522554603932649,9,0.12004700010948,680595456,0,
03001627/1196ffab55e431e11b17743c18fb63dc,farthest,0,vis_a,view_budget_exhausted,10,0.17519391481933527,0.8531697206981435,6.259803460125938,0.9231381996374447,0.18978080951274826,0.924205845921249,6.781003605510449,1,10,9,0.41304251044617496,9,0.2766163321639259,9,0.6700220461801694,9,0.13040700014244067,680624128,0,
03001627/11a06e6f68b1d99c8687ff9b0b4e4ac,farthest,0,vis_a,view_budget_exhausted,10,0.236054123557915,0.9535442579236248,6.918357396793252,0.985632552121388,0.23949505629643933,0.9674439585739136,7.019205465467626,1,10,9,0.3939318859402873,9,0.4003227844659498,9,0.6882334099302176,9,0.13291899995238055,680632320,0,
03001627/11b7c86fc42306ec7e7e25239e7b8f85,farthest,0,vis_a,view_budget_exhausted,10,0.17183760071191923,0.9981730765468739,7.0862164919586865,1.0,0.17183760071191923,0.9981730765468739,7.0862164919586865,1,10,9,0.6685417702593496,9,0.2970384554894697,9,0.4422891517652692,9,0.12301300012040883,680677376,0,
03001627/11c7675a3dbc0d32f7287e3d21227e43,farthest,0,vis_a,view_budget_exhausted,10,0.3240002686804989,0.9594197472315762,7.189224204047577,0.9923739644729375,0.32649009373455257,0.966792541500357,7.244470795710432,1,10,9,0.35736818746899074,9,0.42551083138693696,9,0.7389701375317367,9,0.12286199989830493,680726528,0,
03001627/11c8f43ef796e23941e621b1a4bf507f,farthest,0,vis_a,view_budget_exhausted,10,0.2935947819890424,0.9392748911902997,7.188105317932631,0.9677257175281284,0.30338635903877237,0.9706003200881125,7.427833308277971,1,10,9,0.4000877384706151,9,0.4027737951911634,9,0.6514962195983259,9,0.1245359999302309,680726528,0,
03001627/11c9c57efad0b5ec297936c81e7f6629,farthest,0,vis_a,view_budget_exhausted,10,0.22027881821983286,0.9858164526371398,7.29406451290264,0.996373049700267,0.2210806668105867,0.9894049753088937,7.320616023382878,1,10,9,0.48822737262820737,9,0.4631635588016035,9,0.6963402288568705,9,0.12713199976133183,680771584,0,
03001627/11d3fc4092e616a7a6fee8e2140acec9,farthest,0,vis_a,view_budget_exhausted,10,0.29719387491811766,0.980272163629347,7.420289934923778,0.998040817678927,0.2977772748907008,0.9821964655805328,7.434856173699008,1,10,9,0.5052074078380203,9,0.39743230643977934,9,0.6557906662912513,9,0.1333889999841631,681037824,0,
03001627/11d4f2a09184ec972b9f810ad7f5cbd2,farthest,0,vis_a,view_budget_exhausted,10,0.23724602409276,0.9825513284138643,7.110580491042033,0.9983846089117364,0.23762988929823742,0.9841411011783017,7.122085444398767,1,10,9,0.3905757921635656,9,0.34401370378650825,9,0.6913579660410165,9,0.12110999978176551,681074688,0,
03001627/11d8814ed60b54002449009b96f8a6ed,farthest,0,vis_a,view_budget_exhausted,10,0.331556334861775,0.9871648268990344,7.957557534593321,0.9977918737574275,0.33229007329275906,0.9893494353503057,7.975167711706456,1,10,9,0.4071071987843824,9,0.40140067736769236,9,0.6466204936460045,9,0.1209730003211007,681078784,0,
03001627/11d9817e65d7ead6b87028a4b477349f,farthest,0,vis_a,view_budget_exhausted,10,0.30469140877029566,0.9563935621603418,7.188841105033866,0.9944220477587667,0.30640049610425535,0.9617582034870066,7.229165042384279,1,10,9,0.5127023358423795,9,0.44821502515692835,9,0.6355408108000653,9,0.12014300000373623,681111552,0,
03001627/11dac7c4d7e4b32af9aec59741c69cf7,farthest,0,vis_a,view_budget_exhausted,10,0.1645811659887041,0.7781271015144872,5.611579736455491,0.8761377968437869,0.18784849435967033,0.8881332415033627,6.4049054345911545,1,10,9,0.4281963498842079,9,0.41652820697892046,9,0.6803116900847305,9,0.12672100001509534,681115648,0,
03001627/11dba3a8d7b7210f5ff61a3a2a0e2484,farthest,0,vis_a,view_budget_exhausted,10,0.1902540993195208,0.8462134135666295,6.221089594317241,0.9411225566834069,0.2021565607671671,0.8991532585817037,6.610286354458308,1,10,9,0.5525744529538064,9,0.39354803306199687,9,0.5636751268461954,9,0.11985500032096752,681152512,0,
03001627/11e0f0dfd3d0b22130ddb6ead95f49cc,farthest,0,vis_a,view_budget_exhausted,10,0.36890398938676133,0.9895124984027344,7.7651767988614155,0.9980545990958116,0.3696230544110214,0.9914412491051933,7.780312626079057,1,10,9,0.4666147812548235,9,0.4070416272061135,9,0.6988626198751601,9,0.1226679996761959,681197568,0,
03001627/11e28120789c20abc8687ff9b0b4e4ac,farthest,0,vis_a,view_budget_exhausted,10,0.1999300355532802,0.9561441294355965,6.7072952371571795,0.9800434504668228,0.20400119551643123,0.9756140189296276,6.843875375078833,1,10,9,0.3510606692864098,9,0.27150905882573817,9,0.7286339642071513,9,0.1268659998459043,681205760,0,
03001627/11e521e41ff6a64922e4620665c23c97,farthest,0,vis_a,view_budget_exhausted,10,0.2977860271996323,0.9426999047357766,7.1509649077535835,0.9915552824056367,0.30032216305395126,0.9507285387544596,7.211867088645276,1,10,9,0.4305062846166271,9,0.3917550192770099,9,0.6867683174665458,9,0.1198919999296777,681242624,0,
03001627/11e55ca087c74082feec1f13d2353f3,farthest,0,vis_a,view_budget_exhausted,10,0.2979419559088152,0.9364975186493516,7.103892121653359,0.9737301557708087,0.3059800029228459,0.9617628796840706,7.295544951085435,1,10,9,0.45067984585134446,9,0.49561215558890326,9,0.6890758608133136,9,0.12001599998257007,681291776,0,
03001627/11e6e58798ae5be83e5b5dbd84cdd0f8,farthest,0,vis_a,view_budget_exhausted,10,0.22449850326528253,0.9041461321853117,6.562437016235634,0.9711751548673928,0.23116170357131535,0.9309815306269512,6.75721262364016,1,10,9,0.5468328460251947,9,0.4316980753172044,9,0.5869297575715721,9,0.11932300003536511,681295872,0,
03001627/11f1511799d033ff7962150cab9888d6,farthest,0,vis_a,view_budget_exhausted,10,0.2501429773779272,0.9430173155909607,7.0571176527158235,0.9894633512545408,0.25280671291237905,0.9530593673785985,7.132267853850376,1,10,9,0.42176378235043743,9,0.4930974463852356,9,0.7398071537071852,9,0.12203599999338621,681332736,0,
03001627/11fa9b044482814ef91663a74ccd2338,farthest,0,vis_a,view_budget_exhausted,10,0.31796917420319715,0.8548105436150137,6.470943296014295,0.9153735238760382,0.34736549169217307,0.9338379593888866,7.069183374032788,1,10,9,0.3631374420748596,9,0.45940209466934995,9,0.7307477322495397,9,0.13069699980405858,681349120,0,
03001627/11ff2e9f9b0993b7f51f77a6d7299806,farthest,0,vis_a,view_budget_exhausted,10,0.21665007606633874,0.9711494004145101,7.416075530073998,0.9926222741426818,0.21826034102796787,0.9783675278224866,7.471195965735497,1,10,9,0.4852008512889301,9,0.3450449193402021,9,0.5683316322618156,9,0.12480599980335683,681369600,0,
03001627/120735afde493c277ff6ace05b36a5,farthest,0,vis_a,view_budget_exhausted,10,0.2433152249915045,0.9717264555166387,7.270734537692509,0.9964654815823563,0.24417827761090877,0.9751732232345542,7.296524236992944,1,10,9,0.4353751744040979,9,0.45405823878635776,9,0.7607363167159252,9,0.11908699980267556,681373696,0,
03001627/122a480cfcdd742650c626aa72455dae,farthest,0,vis_a,view_budget_exhausted,10,0.27780020077922785,0.9446918242944028,7.095778188802962,0.9887017950834434,0.28097471063636775,0.9554871134978304,7.17686386743548,1,10,9,0.41828796465310814,9,0.4384765059978535,9,0.7169666501558981,9,0.1205129997288168,681533440,0,
03001627/1230d31e3a6cbf309cd431573238602d,farthest,0,vis_a,view_budget_exhausted,10,0.15196650723355498,0.8303901533730039,5.945785154888506,0.8683303466488315,0.17501001527822105,0.9563067288592976,6.847376897323951,1,10,9,0.5596631331397984,9,0.35312433191659687,9,0.5283261598098458,9,0.11963799988734536,681549824,0,
03001627/123305d8ccc0dc6346918a1d9c256af3,farthest,0,vis_a,view_budget_exhausted,10,0.3159895541769241,0.9830896793826885,7.723637414050159,0.9987822548055288,0.31637481809130646,0.9842882917199047,7.7330543037671555,1,10,9,0.2950465409381938,9,0.4389756782031129,9,0.7836083072978783,9,0.11959199991906644,681590784,0,
03001627/123b44b99e48eccb6960dc525de2f934,farthest,0,vis_a,view_budget_exhausted,10,0.26595275259105644,0.9900880112440995,7.411095404982802,0.9977369283458017,0.2665559878915105,0.9923337335880874,7.427905286887627,1,10,9,0.3773735738626921,9,0.3643133219435487,9,0.6517929778745527,9,0.12051800013068714,681635840,0,
03001627/124117cdec71699850c2ec40da48fd9d,farthest,0,vis_a,view_budget_exhausted,10,0.20061596834584405,0.8453681690999111,6.281121115974948,0.9051084180410005,0.22164854988317692,0.9339965823427098,6.939633960724491,1,10,9,0.45126709110860536,9,0.493812182690855,9,0.6790802143210999,9,0.12217999983477057,681766912,0,
03001627/124ef426dfa0aa38ff6069724068a578,farthest,0,vis_a,view_budget_exhausted,10,0.2663385055663821,0.9483030361643587,7.097408251586315,0.9770519654678774,0.27259400214075774,0.9705758441520029,7.264105188292215,1,10,9,0.4471338504055751,9,0.39637876935447847,9,0.6502750171124823,9,0.12279200018383563,681795584,0,
03001627/126e65c55961e5c166f17d3ad78f5a62,farthest,0,vis_a,view_budget_exhausted,10,0.3449406864628083,0.9420273441065079,7.338752655451225,0.9985217248872282,0.345451358608913,0.9434219813423681,7.349617411959718,1,10,9,0.5021957424155005,9,0.45154051926707006,9,0.6055283773941945,9,0.11876999997184612,681820160,0,
03001627/128517f2992b6fb92057e1ae1c4cc928,farthest,0,vis_a,view_budget_exhausted,10,0.25141755938729327,0.9861836793518886,7.634241939207598,0.9993909393043959,0.2515707812623226,0.986784691122275,7.63889448959908,1,10,9,0.46646792194519626,9,0.40955641351338845,9,0.655400299612092,9,0.12683600016316632,681852928,0,
03001627/12a56b6d02a93c5c711beb49b60c734f,farthest,0,vis_a,view_budget_exhausted,10,0.16398580663025514,0.8131479589502217,5.775454393118579,0.8759692842617768,0.18720497348083864,0.9282836436844955,6.593215649091901,1,10,9,0.49048801866709063,9,0.40501017068946477,9,0.6117980856913768,9,0.12057999992975965,681873408,0,
03001627/12c2b7080b07146a9d4d5dcd2cc33826,farthest,0,vis_a,view_budget_exhausted,10,0.18880924061673549,0.9927965466860793,7.004275500385832,0.9991797017373766,0.18896424766078956,0.9936116045590215,7.010025812380674,1,10,9,0.40948327509489446,9,0.5556463873506685,9,0.7475619672681182,9,0.12365200018393807,681910272,0,
03001627/12d7ca3c06faaadf17b431cae0dd70ed,farthest,0,vis_a,view_budget_exhausted,10,0.33021370215158136,0.9771573090701313,7.992600736477976,0.9992196125451958,0.33047159804086157,0.9779204659335422,7.998842933155961,1,10,9,0.4743174338128315,9,0.3106888062438902,9,0.5147300947947832,9,0.1278049999200448,681926656,0,
03001627/12f395270a3316d01666e1246e760f82,farthest,0,vis_a,view_budget_exhausted,10,0.3137969057673513,0.9873647326778612,7.192259825993137,0.995760276968969,0.3151329823303749,0.9915687093718347,7.222882848757454,1,10,9,0.4944642884869819,9,0.37788591153242757,9,0.6705036275380591,9,0.12730300022667507,681963520,0,
03001627/12f4d8c20ef311d988dcbe86402c7c15,farthest,0,vis_a,view_budget_exhausted,10,0.1557285745793488,0.8273229284985706,5.991806142159029,0.8837779147535743,0.1762078141800714,0.9361208451664634,6.779764511121256,1,10,9,0.5062939649512901,9,0.3168804049159327,9,0.56082561252461,9,0.12059199980285484,681988096,0,
03001627/13076ebf8b5cc457b8d6f69a14683de3,farthest,0,vis_a,view_budget_exhausted,10,0.2615958960920227,0.9871847445820866,7.4081708928976395,0.996573438668409,0.2624953525166787,0.9905790243628535,7.433642725614091,1,10,9,0.4403230795291321,9,0.4451362910041738,9,0.7168682456241268,9,0.12044700042679324,682016768,0,
03001627/131abb0b13d6c5b97f0b1e4f6d35b0ba,farthest,0,vis_a,view_budget_exhausted,10,0.19513379677882736,0.9929883004729813,6.985119371065359,0.9999647119400172,0.19514068291495115,0.99302334234025,6.98536587107522,1,10,9,0.5263305162722608,9,0.4061647102264366,9,0.5437719577353334,9,0.1204959999085986,681041920,0,
03001627/131edf0948b60ee6372c8cd7d07d8ddc,farthest,0,vis_a,view_budget_exhausted,10,0.2645047796984736,0.9663350906711756,7.221646015323196,0.9935776231145614,0.2662145096115713,0.9725813748119762,7.268325943860882,1,10,9,0.3566105925260635,9,0.4960590183160946,9,0.7324838826786111,9,0.12419599988788832,681218048,0,
03001627/13990109140043c919fb4103277a6b93,farthest,0,vis_a,view_budget_exhausted,10,0.2303441166113232,0.9922362112910152,7.381468925725938,0.9983087521893258,0.23073434556811262,0.9939171715313592,7.393973968011519,1,10,9,0.5433751987660765,9,0.41955591302305284,9,0.5350332381110808,9,0.12234899986651726,681222144,0,
03001627/13b6648bdc843b767b5f4d129cc2873d,farthest,0,vis_a,view_budget_exhausted,10,0.29377457974318344,0.9769768420261661,7.178923588734219,0.9925452390151803,0.29598104770989725,0.9843146726445825,7.232842702320818,1,10,9,0.4279863723432064,9,0.49387470775320735,9,0.7176098057149083,9,0.1185689998237649,681254912,0,
03211117/26c4051b7dfbccf4afaac116abdd44e,farthest,0,vis_a,view_budget_exhausted,10,0.8337317212090557,0.993796714530933,8.617632919152578,0.9995178121198355,0.8341339304807676,0.9942761424363525,8.62179024191255,1,10,9,0.5075153847364495,9,0.36089943983465417,9,0.6132953199980264,9,0.12039600005664397,681263104,0,
03211117/27107e057772be0d6b07917e9ad0834a,farthest,0,vis_a,view_budget_exhausted,10,0.4600019532571741,0.971512051348462,8.159220548107514,0.9916370006399237,0.46388139305040593,0.9797053263659236,8.228031570869382,1,10,9,0.33522443460010765,9,0.3898605972120274,9,0.6962651417838533,9,0.1319780003541382,681279488,0,
03211117/2711433532f6d1fdd7426bda0fe4ebcb,farthest,0,vis_a,view_budget_exhausted,10,0.48624897398915795,0.9789753117801213,8.218142894251425,0.9949443996799391,0.488719745691898,0.9839497685449008,8.259901655705681,1,10,9,0.3227371422204565,9,0.3707329462044411,9,0.7284999749029418,9,0.12044400000377209,681377792,0,
03211117/274acc511daf0161bbf0c65ae96423ae,farthest,0,vis_a,view_budget_exhausted,10,0.3539922167242905,0.9299968232325604,7.471759352939462,0.9655778579681127,0.36661177946769025,0.9631505274878338,7.738122090602257,1,10,9,0.47300142400301215,9,0.3788386524979019,9,0.5866775503740103,9,0.12168999955974868,681390080,0,
03211117/2772ad703e5d4b73cf6f327fca156fb,farthest,0,vis_a,view_budget_exhausted,10,0.3374962317741537,0.9986970646245521,7.864606135021424,0.9999865172355796,0.33750078221769203,0.9987105300033523,7.864712173082886,1,10,9,0.5719058742802843,9,0.36991596437524,9,0.5387545433846077,9,0.12203000005683862,681394176,0,
03211117/27e65dc223cc8bc0ec059109909662d2,farthest,0,vis_a,view_budget_exhausted,10,0.36027625992814233,0.9230493293359059,7.420395195409524,0.9777811030180434,0.36846310367024343,0.9440245127327568,7.589014731932892,1,10,9,0.393425651615807,9,0.42324074986025145,9,0.6930572528101373,9,0.12120499968659715,681545728,0,
03211117/2809c09ef575f34214618fe9321a9ffc,farthest,0,vis_a,view_budget_exhausted,10,0.41649423478113223,0.9720879288196624,7.865045152610161,0.9958264867064188,0.4182397639960741,0.97616195371016,7.898007592289385,1,10,9,0.35847510753136735,9,0.39825656207733223,9,0.7482215443789157,9,0.12729599984595552,682737664,0,
03211117/286a7629b62426b5427c20e7fc0367ac,farthest,0,vis_a,view_budget_exhausted,10,0.4786100224847855,0.9583939059333206,8.117115266715281,0.9805799698256976,0.4880887201579903,0.9773745491697932,8.277871786589863,1,10,9,0.40958253658254584,9,0.2621355116286493,9,0.7130627181332112,9,0.12267800002518925,682766336,0,
03211117/288a8917e51c57deb0957d845ac33749,farthest,0,vis_a,view_budget_exhausted,10,0.4231143602289713,0.9253603488896918,7.727985378137544,0.9782556112301234,0.4325192264391096,0.9459289967435835,7.899760849232301,1,10,9,0.6684854115825458,9,0.2335562500644446,9,0.3932448984918697,9,0.12215500009915559,682803200,0,
03211117/28b6e44e37586fd797e8123bbbc761d8,farthest,0,vis_a,view_budget_exhausted,10,0.4756522112786395,0.9717431312648929,8.283095675543372,0.9952447562879009,0.4779248604662274,0.9763860850564385,8.32267200928338,1,10,9,0.4891299156576191,9,0.2612006446273431,9,0.6956461655121445,9,0.1214449998769851,682815488,0,
03691459/21e46ca2f8bbd4df71187cb9cc8e1a,farthest,0,vis_a,view_budget_exhausted,10,0.3039343163803528,0.9935999996228541,7.62272898159744,0.9995203055725739,0.3040801819491245,0.9940768527495513,7.626387317094843,1,10,9,0.5327506070765111,9,0.4069599936688788,9,0.6148249495894491,9,0.12113699995097704,682844160,0,
03691459/221a981adf503875e17b9e33c097dbff,farthest,0,vis_a,view_budget_exhausted,10,0.20701055661907683,0.7526068771887937,5.686615042332409,0.8744462950048748,0.2367332994622875,0.8606667802104395,6.503103821030779,1,10,9,0.41900695204279076,9,0.46628681983766707,9,0.7007351876667014,9,0.11975100005656714,682856448,0,
03691459/22654d0b3683df91650c44f51c50faee,farthest,0,vis_a,view_budget_exhausted,10,0.17686700199741953,0.8110081975447374,5.537001653897577,0.9351108266157884,0.1891401499836226,0.8672856462156636,5.9212250530092305,1,10,9,0.6277057849795161,9,0.4469765468314415,9,0.5876016092501731,9,0.12023599992971867,683081728,0,
03691459/22e37482f8499fa53a081cb8ab2c8e61,farthest,0,vis_a,view_budget_exhausted,10,0.27705548865787377,0.9420484781325609,6.848291688919996,0.9661067755798871,0.2867752257420786,0.9750976827246806,7.088545347184261,1,10,9,0.6066011919594759,9,0.3811397935689323,9,0.5742537780655128,9,0.1325460002590262,683102208,0,
03691459/2325005b09d12b2585d624cfcd9a37a7,farthest,0,vis_a,view_budget_exhausted,10,0.2388236797977174,0.9980096714225413,7.36315937566182,0.9998186123700336,0.238867007318052,0.9981907308734689,7.364495203992772,1,10,9,0.5659772385830988,9,0.27901037672979584,9,0.5765785543828954,9,0.12411599982442567,683143168,0,
03691459/2336a8ba5ba8a9f0ce029fab54b6cfbd,farthest,0,vis_a,view_budget_exhausted,10,0.10478161065000714,0.8490110391483712,5.60577302737622,0.9557806328984554,0.1096293511747056,0.8882906913207691,5.86512514945654,1,10,9,0.6130457066637294,9,0.3271350762468193,9,0.5426674853805723,9,0.12048799999320181,683175936,0,
03691459/23a1ad8f7fdbb6a54821f0e819875cf6,farthest,0,vis_a,view_budget_exhausted,10,0.22050422508345846,0.9597659139943888,7.208030620796012,0.9904274499251029,0.22263541372983273,0.9690421181954996,7.277696737243188,1,10,9,0.44543926649292565,9,0.4390810376752697,9,0.63425770509301,9,0.1335940000899427,683184128,0,
03691459/240521f502e491cd4eddc7a5aaee958e,farthest,0,vis_a,view_budget_exhausted,10,0.16281963963551402,0.8542790069205788,6.009926372356747,0.937888242464676,0.1736023891371539,0.9108537331437481,6.4079344427682186,1,10,9,0.6461703439354939,9,0.3604801735054273,9,0.4867220193533308,9,0.11954999990848592,683212800,0,
03691459/244f40cd50620b32dfdc04b8b8434e84,farthest,0,vis_a,view_budget_exhausted,10,0.16592908697527278,0.8222534178361927,5.670852070622847,0.9719201521049672,0.17072296177407842,0.8460092282842073,5.83468925748789,1,10,9,0.5913673343546635,9,0.4092894645359241,9,0.6416149887482193,9,0.1212829997712106,683237376,0,
03691459/245ed4407d4cead6b9c1ae865c9193ec,farthest,0,vis_a,view_budget_exhausted,10,0.21886366439413063,0.8076793113503172,6.128709218118294,0.9308985173403329,0.23511012244325546,0.8676341151105655,6.583649134632429,1,10,9,0.3358976060373457,9,0.394770610173747,9,0.7212972296581052,9,0.12643799982470227,683253760,0,
04090263/18e5827d2cfafd05d735fa1ab17311ec,farthest,0,vis_a,view_budget_exhausted,10,0.056926851115357086,0.8871488132964616,5.502211251159743,0.9498258259556387,0.05993398953758901,0.9340120989065374,5.792863386951875,1,10,9,0.41802321882048726,9,0.4165426931189246,9,0.7451209255031899,9,0.1272629997401964,683302912,0,
04090263/18fdbd5f5448e1eb9556d0a8c8dea494,farthest,0,vis_a,view_budget_exhausted,10,0.015420145149924258,0.7131130107093181,4.191772965771898,0.8669947531401799,0.01778574217903145,0.8225113336920258,4.834830834430842,1,10,9,0.4173948626621258,9,0.3312356227420857,9,0.7204914154390617,9,0.1198800000565825,683573248,0,
04090263/19035d7059eaa5b1a27aa199c0989017,farthest,0,vis_a,view_budget_exhausted,10,0.050739985341689865,0.7195503435399413,4.493224234386558,0.865277579600607,0.058640124900855885,0.8315832520150006,5.192812503544274,1,10,9,0.3872601623079578,9,0.41994564730308276,9,0.7612990300258667,9,0.12137299972891924,683585536,0,
04090263/190ce4466c6f4c04fa9286f039319ff7,farthest,0,vis_a,view_budget_exhausted,10,0.09827599295911543,0.7920027858799701,5.454912510780228,0.8592269252620464,0.1143772268648859,0.9217620661019506,6.348628459375378,1,10,9,0.3259202274374568,9,0.3744516581042709,9,0.7860632965495323,9,0.12015999982395442,683618304,0,
04090263/191f8debadb867fbc24d00518a3dd6ec,farthest,0,vis_a,view_budget_exhausted,10,0.04091349832261296,0.7645995012378167,4.789856618666224,0.8474995693328826,0.04827553877675526,0.9021827608003135,5.6517510946189695,1,10,9,0.34669937286777697,9,0.36089780053199144,9,0.7856069491231316,9,0.12877500012109522,683655168,0,
04090263/192309e06577f893bb4594cb67b6eaa3,farthest,0,vis_a,view_budget_exhausted,10,0.032595391597746784,0.8254151387485837,5.053073941592508,0.8870530772821703,0.03674570601526501,0.9305138101516561,5.696473042035491,1,10,9,0.3655084298407845,9,0.3899647641500092,9,0.7235395393012479,9,0.1214379999510129,683659264,0,
04090263/193520be26b57b77a5f9d279e263a051,farthest,0,vis_a,view_budget_exhausted,10,0.026185846995137693,0.7924991002787428,4.761338422930464,0.9020968257121926,0.02902775649882632,0.8785078028104977,5.278079123237635,1,10,9,0.44149120135641196,9,0.31072535178952604,9,0.6913771127692725,9,0.12126199999329401,683675648,0,
04090263/1939215162425a252bf06c32262648ff,farthest,0,vis_a,view_budget_exhausted,10,0.05519751027600203,0.9152371958779096,5.753508970223265,0.9620559044145531,0.0573745351207961,0.9513347318780456,5.980431016349813,1,10,9,0.33098098549911187,9,0.438057835901679,9,0.75100162414107,9,0.12264999986655312,683745280,0,
04090263/193e079f24ac1ded1153b2cafc57da88,farthest,0,vis_a,view_budget_exhausted,10,0.025848063667767353,0.837389403699796,5.075562679614342,0.8889882677337256,0.029075820914556207,0.9419577671531377,5.709369700179892,1,10,9,0.33092568449726545,9,0.4442406681749932,9,0.7736760773724503,9,0.12090300015188404,683749376,0,
04090263/194a4d0bcc1443fffcfd5149a4a15414,farthest,0,vis_a,view_budget_exhausted,10,0.05608334067108679,0.8496335881141364,5.233918521066671,0.960655897227737,0.05838025960485146,0.8844307213082342,5.448276054069646,1,10,9,0.4383587211671209,9,0.4411062182504807,9,0.7275206562574934,9,0.12075700033165049,683786240,0,
04256520/165a78e3a2b705ef22c3a2386a9dfbe9,farthest,0,vis_a,view_budget_exhausted,10,0.22761690652256755,0.9420378741572432,6.8386225815037225,0.9895563171829997,0.23001915360464936,0.9519800518670541,6.910796750781642,1,10,9,0.4839097571969682,9,0.35151720557139676,9,0.606692083188553,9,0.11862600013046176,683819008,0,
04256520/1662f76e3762fc92413102507b68bcb5,farthest,0,vis_a,view_budget_exhausted,10,0.24923802380442775,0.8158883224619944,6.195696676898585,0.878071101751019,0.2838472001952984,0.9291825238696253,7.0560307297932265,1,10,9,0.3827364373726309,9,0.45943770205848644,9,0.7537832329856597,9,0.11939200021515717,683847680,0,
04256520/16632d002fc0eec9917b96045c9b6dea,farthest,0,vis_a,view_budget_exhausted,10,0.1456716631437041,0.8740167542105891,6.3011361549889875,0.9320917726256939,0.15628467863561157,0.937693883670373,6.760210035154312,1,10,9,0.38904946846164884,9,0.3945166740181108,9,0.65381371691954,9,0.13115699994159513,683880448,0,
04256520/1667fb24efa940b9527e7f2c027f7469,farthest,0,vis_a,view_budget_exhausted,10,0.2672189260322755,0.9995540593840972,7.784396696486051,0.999997316404131,0.2672196431418059,0.9995567417904403,7.78441758671693,1,10,9,0.47912112118253325,9,0.30190243052997606,9,0.6499116475793425,9,0.1218329998664558,683913216,0,
04256520/167088246175f31c593ebeeedbff73b,farthest,0,vis_a,view_budget_exhausted,10,0.25688663927726907,0.9528703141414132,7.168141610203978,0.9819776104827223,0.261601320167563,0.970358492871339,7.2996996404839125,1,10,9,0.4062630594630151,9,0.41350355082984325,9,0.6851925795347744,9,0.11880200008818065,683917312,0,
04256520/1670f9ce4de8a548d08f8c5dee475682,farthest,0,vis_a,view_budget_exhausted,10,0.18134398262088522,0.99102681089087,7.168171504889098,0.9976596217715825,0.18176939174792475,0.9933516294175218,7.184987092251263,1,10,9,0.5282539020233241,9,0.36075286913524596,9,0.5980447764933066,9,0.11846400002468727,682934272,0,
04256520/1685b0cf2d1a2849d0a2ef258a9c71d6,farthest,0,vis_a,view_budget_exhausted,10,0.20640799955934783,0.9989044706556482,7.583025352888434,0.9999830361663085,0.20641150108972434,0.9989214161924235,7.583153992251615,1,10,9,0.4919646980613832,9,0.36526945488257956,9,0.6387384593640745,9,0.12463899975045933,682950656,0,
04256520/16a5920c004800ca76e9713f57a5fcb6,farthest,0,vis_a,view_budget_exhausted,10,0.16296724195971324,0.8287834024661848,6.000255766839467,0.9164539701603003,0.17782370666276676,0.9043371838099182,6.547252739589244,1,10,9,0.5418306602989691,9,0.370503276692834,9,0.5530427793799021,9,0.12002399989796686,682979328,0,
04256520/16bb3ec52397cdf9cf01bc59d215f0,farthest,0,vis_a,view_budget_exhausted,10,0.14819083671351843,0.9235288207876975,6.331375451637953,0.9549068296147936,0.15518879132249808,0.9671402404360707,6.630359376727894,1,10,9,0.5134960460663212,9,0.3429434928769575,9,0.6103494694277285,9,0.11856500032081385,682991616,0,
04256520/16ca439cd60eae5f23500a5b036df62e,farthest,0,vis_a,view_budget_exhausted,10,0.24042822634196762,0.9174206918728072,6.787881035591505,0.9756820162530804,0.24642068044390744,0.9402865652848511,6.957062775082255,1,10,9,0.34457795109226524,9,0.4408163328790232,9,0.7650265254231098,9,0.11944600009883288,683016192,0,
04379243/1270e7980d2d69d293a790c6eb6d2ee5,farthest,0,vis_a,view_budget_exhausted,10,0.2271519792146372,0.9974513392840576,6.839600189519857,0.9995997843367528,0.2272429253927415,0.9978506947616833,6.8423386006010585,1,10,9,0.6202002580907207,9,0.35425529871770783,9,0.606424253924998,9,0.12404300014168257,683040768,0,
04379243/127d935d17cb36c8b0a3f25f5d8cb0f8,farthest,0,vis_a,view_budget_exhausted,10,0.2486314074139669,0.978625557153042,7.030219643571221,0.9948363477966562,0.24992191727275626,0.983705067994834,7.066709674552616,1,10,9,0.486313579095388,9,0.4884019469610602,9,0.6858939077288999,9,0.1349160002064309,683151360,0,
04379243/127e202f77eee5725d02cdadf545c773,farthest,0,vis_a,view_budget_exhausted,10,0.30142858012923135,0.9382780162622009,6.54677684522206,0.9984367125462721,0.3019005374517033,0.9397471111307085,6.557027363833692,1,10,9,0.5230219737831513,9,0.06691519148639755,9,0.6411119523459647,9,0.12008699968646397,683163648,0,
04379243/128011ffc7787d50f0920fefbe028677,farthest,0,vis_a,view_budget_exhausted,10,0.23586644251076613,0.9519922588218739,6.628666486062876,0.9958649509594362,0.23684581155660483,0.9559451388511119,6.656190158792803,1,10,9,0.6167604205872577,9,0.39264616953534587,9,0.5984594889604258,9,0.11981099987679045,683192320,0,
04379243/12936ff9bc1103944b3c42e318f3affc,farthest,0,vis_a,view_budget_exhausted,10,0.20523858997482874,0.9645528946786588,7.129451560822543,0.9936172813366193,0.20655698509866968,0.9707489118759459,7.175249157534745,1,10,9,0.4951652684470955,9,0.4451407878653211,9,0.6969250320315842,9,0.13212400017437176,683245568,0,
04379243/1299579419252fa954b02959579aa6bb,farthest,0,vis_a,view_budget_exhausted,10,0.21732553630594117,0.9883507694680291,7.064446565053684,0.9986791083994692,0.2176129794626799,0.9896580004081664,7.073790275212128,1,10,9,0.523648159905107,9,0.3656814228443721,9,0.7019662920977509,9,0.12163100018369732,683483136,0,
04379243/12a2733fc5f6b31ef8574543281e850f,farthest,0,vis_a,view_budget_exhausted,10,0.20838351229882374,0.789771877062839,5.3758150810761895,0.8983315323543837,0.23196726909127166,0.8791541303164244,5.984221734916769,1,10,9,0.46329637787460765,9,0.37393527202695975,9,0.7284974521342625,9,0.12062900032105972,683491328,0,
04379243/12a5cc49c75b93af5b4aea6c98f52b6e,farthest,0,vis_a,view_budget_exhausted,10,0.19128274857037458,0.9751374242283932,6.948383003723446,0.9940842557027045,0.19242106237278592,0.9809404169056897,6.989732473744622,1,10,9,0.5052077510585423,9,0.407636899301231,9,0.683606083309894,9,0.119727999845054,683536384,0,
04379243/12a73c63681d65587a0f32fa630f6a0e,farthest,0,vis_a,view_budget_exhausted,10,0.22478044548229256,0.9846982101544309,7.301436985591422,0.9988388563461852,0.22504175128363893,0.9858429153993051,7.309924858450676,1,10,9,0.40516010525025903,9,0.3009778168022644,9,0.7599750360510482,9,0.12111099977119011,683556864,0,
04379243/12b1fb7c765dfe8eb76e29c9c43bc7aa,farthest,0,vis_a,view_budget_exhausted,10,0.30259982448979256,0.997863027157129,7.362115465250252,0.9999925779613595,0.30260207041405185,0.9978704333900439,7.362170107561268,1,10,9,0.5117930671030184,9,0.2929403124925265,9,0.6297048755616473,9,0.12022800001432188,683573248,0,
04401088/257ef557fee9c083324b3288c1587efe,farthest,0,vis_a,view_budget_exhausted,10,0.46064974197892106,0.9751688198226578,8.219226076410717,0.9949001837288937,0.4630110130771131,0.980167493956748,8.261357481717404,1,10,9,0.3723504228335517,9,0.4019877581924214,9,0.8053683218869758,9,0.12084600029993453,683614208,0,
04401088/25e03c305f41c5dd226bc3b9ce9ff2a1,farthest,0,vis_a,view_budget_exhausted,10,0.4371706408082039,0.9687821827292578,8.200110228303794,0.9817140961917699,0.4453136025081646,0.9868272101697663,8.352849633221492,1,10,9,0.41583798819000234,9,0.5021122904596056,9,0.6378105398454886,9,0.1406730002599943,683630592,0,
04401088/25eff75e43287223f1cb19f636b1c2bd,farthest,0,vis_a,view_budget_exhausted,10,0.4229522237834391,0.9676858507508115,8.10656007763904,0.9812169917354312,0.4310486134523454,0.9862098382940884,8.26174041615541,1,10,9,0.34665558388658985,9,0.24217465388685536,9,0.7097842765148675,9,0.12106100029996014,683655168,0,
04401088/2601fb1cdef9d37223d5a55215ee8f43,farthest,0,vis_a,view_budget_exhausted,10,0.34946381257908965,0.8154237015372121,6.836878706565465,0.8324751081890366,0.41978890316529943,0.979517217410959,8.21271247549778,1,10,9,0.44677072890126823,9,0.36282366555193246,9,0.6212373366289252,9,0.12049900033161975,683687936,0,
04401088/26175bc1827c3569c4b311ecb3af9fe6,farthest,0,vis_a,view_budget_exhausted,10,0.44158137042758067,0.9921545453991534,8.36497248952124,0.9961912455439115,0.4432696757804584,0.9959478662728519,8.396954427113078,1,10,9,0.35850235218458215,9,0.3442223537150176,9,0.7321913701428185,9,0.12074200003553415,683724800,0,
04401088/267a2d6fbf29c04cbc17518d87dd1f7a,farthest,0,vis_a,view_budget_exhausted,10,0.4541526265668833,0.9959031907105247,8.435871155055667,0.9998939593046317,0.45420079033452726,0.9960088081771368,8.436765795567288,1,10,9,0.3572169766982555,9,0.3535629224961611,9,0.7264323397726513,9,0.11922999965463532,683728896,0,
04401088/2682cb34e7db8735bdc7fd7cf135ade2,farthest,0,vis_a,view_budget_exhausted,10,0.33689935104295443,0.9896775555119209,7.795715398784904,0.9939994828491214,0.3389331250729556,0.9956519823080667,7.8427761113515695,1,10,9,0.4778669140308856,9,0.3648815268846961,9,0.6460529255577225,9,0.1201079999191279,683749376,0,
04401088/2703b7edaf11d79a6b203c09a4932f5,farthest,0,vis_a,view_budget_exhausted,10,0.4482101435058695,0.9985081098812203,8.46726686804011,0.9996139733845271,0.448383231367109,0.9988937094390923,8.470536720661627,1,10,9,0.3261600448988877,9,0.3846143364792991,9,0.7666561742254696,9,0.1200330002575356,683798528,0,
04401088/27085a2456319497f1cb19f636b1c2bd,farthest,0,vis_a,view_budget_exhausted,10,0.33834972589341794,0.8438504885438042,6.872936482443997,0.8924503251621603,0.3791244356731441,0.9455433705965367,7.701197801900257,1,10,9,0.37719546589957315,9,0.27172356832356975,9,0.7218947207204832,9,0.1196560001517355,684978176,0,
04401088/271421566061988a93d9d97ff82834ba,farthest,0,vis_a,view_budget_exhausted,10,0.34330347692308866,0.9096865876140483,7.252139863842573,0.9457791609593091,0.3629848183320872,0.9618382653846466,7.66789982609332,1,10,9,0.49368335691122767,9,0.26512435657222966,9,0.5665676059315783,9,0.13386099999479484,685023232,0,
04530566/1fb578de4aebcd62b249fd16295bbfb,farthest,0,vis_a,view_budget_exhausted,10,0.07734887478019885,0.7056944178539876,4.517946758531649,0.8612654708731354,0.08980840100530671,0.8193692208960465,5.245707521458438,1,10,9,0.4885825040762094,9,0.3429891563578967,9,0.6721443083214718,9,0.134012999751576,685096960,0,
04530566/20286f6d7aa7a853b48c6de5e38e3312,farthest,0,vis_a,view_budget_exhausted,10,0.1076033542634038,0.9489818484798822,6.131717556551514,0.9952715353623128,0.10811457018534394,0.9534903940907146,6.160848912773698,1,10,9,0.611355062935838,9,0.25352240334577925,9,0.5423350874434842,9,0.1252950000889541,685137920,0,
04530566/203c2cac2c46e06c320fa6e2cd857828,farthest,0,vis_a,view_budget_exhausted,10,0.17900261728307643,0.9476570390386092,6.759876045419246,0.9955015811421132,0.17981148465651994,0.9519392605598745,6.790422208736038,1,10,9,0.5150822488474023,9,0.3528153535739761,9,0.6089258884721249,9,0.1200440001412062,685162496,0,
04530566/203d75b8112369d66a4afad911312b2b,farthest,0,vis_a,view_budget_exhausted,10,0.33525215717137014,0.8955233072491784,6.882920210121824,0.9625113999862811,0.34830980409805906,0.9304028058908627,7.151001235122958,1,10,9,0.49231532776226467,9,0.33398917745898793,9,0.6642032360125937,9,0.12182600039523095,685182976,0,
04530566/206c86e4cf614dd5d03c0ce6ad42cc93,farthest,0,vis_a,view_budget_exhausted,10,0.11513082278143287,0.9179291294608971,5.802900161701178,0.9823264825089897,0.11720219787557164,0.9344440425920175,5.907302984319243,1,10,9,0.5660128288603816,9,0.3153001663379981,9,0.5805864208431495,9,0.12012900015179184,685207552,0,
04530566/209213f07114a06a2b249fd16295bbfb,farthest,0,vis_a,view_budget_exhausted,10,0.0679030457214985,0.7714564962545077,4.966474052367509,0.8996200548022579,0.07547969318716889,0.8575359032253662,5.520635101291925,1,10,9,0.4495579702796011,9,0.3965196906556255,9,0.7144470562730054,9,0.13602599983641994,685342720,0,
04530566/209f569f50d42f7e45e2a4e5729b970d,farthest,0,vis_a,view_budget_exhausted,10,0.06416067563171081,0.6583180015491596,4.297918354044551,0.8085994934133557,0.07934790480868123,0.8141459485340387,5.315262239284458,1,10,9,0.5096844439435863,9,0.2330666130331816,9,0.66771476559467,9,0.13015100012125913,685395968,0,
04530566/20c2bcd71abffc2a93add66353cae8ec,farthest,0,vis_a,view_budget_exhausted,10,0.20663426807834837,0.9435736005539002,6.516759066162045,0.977280808368811,0.21143796778660132,0.9655091888367562,6.668256462581344,1,10,9,0.5509666954822587,9,0.31401960140088225,9,0.567577517378321,9,0.12538800001493655,685395968,0,
04530566/20c2e1a09d00f51294daa4565dd30535,farthest,0,vis_a,view_budget_exhausted,10,0.07976488698975924,0.8993519468848379,5.733950408821827,0.9542660674823029,0.0835876803208645,0.9424540780933893,6.008754375967754,1,10,9,0.610251385129343,9,0.30234268222415905,9,0.5361852008283785,9,0.12241699960213737,685445120,0,
04530566/20d1090d07a49fe927ac692756be9e24,farthest,0,vis_a,view_budget_exhausted,10,0.1883511521578596,0.8372241991701446,6.065549649091119,0.933198735082278,0.2018339128387836,0.8971553086131524,6.499740538714224,1,10,9,0.2999606427205138,9,0.27491601141389393,9,0.7166816070324287,9,0.11984200000370038,685486080,0,
